player,completions,attempts,passing_yards,passing_tds,interceptions,long_pass,sacks,year,opponent
A. Vendemia,14,30,264,4,2,33,4,2012,Notre Dame College (Ohio)
A. Vendemia,7,11,108,1,1,52,2,2012,Millersville University
Vladmir Rock,0,0,0,0,0,0,1,2012,Millersville University
A. Vendemia,8,20,118,2,0,38,1,2012,Clarion University
A. Vendemia,7,11,143,1,0,51,2,2012,Slippery Rock University
Vladmir Rock,1,1,41,0,0,41,0,2012,Slippery Rock University
TEAM,0,1,0,0,0,0,0,2012,Slippery Rock University
A. Vendemia,9,12,181,2,1,43,1,2012,Cheyney University
Alec Swartz,0,2,0,0,0,0,0,2012,Cheyney University
A. Vendemia,10,20,75,1,0,13,1,2012,Lock Haven University
A. Vendemia,12,24,146,1,0,27,3,2012,Gannon University
A. Vendemia,10,23,125,0,1,37,2,2012,Indiana University of Pennsylvania
Devyn Woods,0,1,0,0,0,0,0,2012,Indiana University of Pennsylvania
A. Vendemia,12,23,208,1,1,49,1,2012,Edinboro University
Alec Swartz,2,2,90,0,0,75,0,2012,Edinboro University
A. Vendemia,10,13,191,1,0,48,2,2012,California University of Pennsylvania
Alec Swartz,0,2,0,0,0,0,0,2012,California University of Pennsylvania
A. Vendemia,16,24,379,3,1,50,8,2012,East Stroudsburg University
A. Vendemia,20,34,207,1,0,26,1,2013,Bentley University
Brendan Boylan,1,1,9,0,0,9,0,2013,Bentley University
A. Vendemia,12,13,116,2,0,28,0,2013,Millersville University
Alec Swartz,3,4,35,0,0,13,0,2013,Millersville University
Zach Emerick,2,3,18,0,0,9,0,2013,Millersville University
A. Vendemia,12,26,96,0,4,19,2,2013,Clarion University
Anthony Vendemia,6,18,111,0,0,44,1,2013,Slippery Rock University
Zach Emerick,7,12,67,1,0,16,0,2013,Slippery Rock University
Alec Swartz,2,5,16,0,0,12,2,2013,Slippery Rock University
A. Vendemia,13,16,221,4,0,63,0,2013,Cheyney University
Alec Swartz,4,4,55,1,0,18,0,2013,Cheyney University
Alec Swartz,12,16,168,3,0,36,2,2013,Seton Hill University
Zach Emerick,2,4,41,0,0,27,0,2013,Seton Hill University
A. Vendemia,10,18,221,3,1,52,1,2013,Gannon University
A. Vendemia,4,16,29,0,2,11,1,2013,Indiana University of Pennsylvania
Alec Swartz,3,11,29,0,0,23,0,2013,Indiana University of Pennsylvania
A. Vendemia,3,10,70,1,2,61,0,2013,Edinboro University
Zach Emerick,4,6,17,0,0,7,0,2013,Edinboro University
Anthony Vendemia,10,15,99,0,0,15,2,2013,California University of Pennsylvania
A. Vendemia,14,19,185,1,0,30,5,2013,East Stroudsburg University
Zach Emerick,14,24,106,1,1,37,2,2014,Bentley University
Brendan Boylan,9,20,126,1,0,34,0,2014,West Chester University of Pennsylvania
Zach Emerick,8,16,86,0,1,30,1,2014,West Chester University of Pennsylvania
Brendan Boylan,18,32,173,2,3,28,0,2014,Bloomsburg University
R. Finnegan,2,5,29,0,0,18,0,2014,Bloomsburg University
Zach Emerick,1,1,15,0,0,15,0,2014,Bloomsburg University
Brendan Boylan,4,12,59,0,0,47,1,2014,Indiana University of Pennsylvania
Zach Emerick,7,10,58,0,0,19,2,2014,Indiana University of Pennsylvania
Ramroth Finnegan,0,2,0,0,0,0,0,2014,Indiana University of Pennsylvania
Brendan Boylan,14,25,241,3,0,78,0,2014,Clarion University
Zach Emerick,0,1,0,0,0,0,0,2014,Clarion University
Brendan Boylan,28,44,446,4,0,48,1,2014,Gannon University
Brendan Boylan,24,37,385,4,0,51,0,2014,Slippery Rock University
Zach Emerick,1,1,6,1,0,6,0,2014,Slippery Rock University
Brendan Boylan,19,33,321,2,1,57,2,2014,Edinboro University of Pennsylvania
Brendan Boylan,13,29,248,2,3,48,0,2014,Seton Hill University
Zach Emerick,1,1,4,1,0,4,0,2014,Seton Hill University
Brendan Boylan,37,49,544,6,0,54,1,2014,California University of Pennsylvania
Brendan Boylan,26,38,409,5,1,44,0,2014,Shippensburg University
Brendan Boylan,20,25,305,3,0,42,0,2015,Bentley University
Brendan Boylan,19,41,331,3,1,44,1,2015,West Chester University of Pennsylvania
Dylan Kondis,1,1,1,0,0,1,0,2015,West Chester University of Pennsylvania
Brendan Boylan,16,35,222,3,1,42,0,2015,Bloomsburg University
Brendan Boylan,25,46,344,2,4,36,1,2015,Indiana University of Pennsylvania
Zach Emerick,1,1,13,0,0,13,0,2015,Indiana University of Pennsylvania
Brendan Boylan,21,32,141,3,0,21,2,2015,Clarion University
Zach Emerick,6,6,70,1,0,26,1,2015,Clarion University
Zach Emerick,14,25,142,0,1,29,4,2015,Gannon University
Dylan Bongiorni,1,1,28,0,0,28,0,2015,Gannon University
Brendan Boylan,2,3,11,0,0,10,0,2015,Gannon University
Logan Weaver,1,3,6,0,1,6,0,2015,Gannon University
TEAM,0,1,0,0,0,0,0,2015,Gannon University
Zach Emerick,39,65,412,3,3,35,3,2015,Slippery Rock University
Zach Emerick,11,18,64,1,1,21,4,2015,Edinboro University of Pennsylvania
Zach Emerick,20,30,311,4,0,68,0,2015,Seton Hill University
TEAM,0,2,0,0,0,0,0,2015,Seton Hill University
Zach Emerick,13,21,123,1,0,24,4,2015,California University of Pennsylvania
Logan Weaver,7,16,116,1,1,27,0,2015,California University of Pennsylvania
TEAM,0,1,0,0,0,0,0,2015,California University of Pennsylvania
Logan Weaver,19,34,229,1,5,66,3,2015,Shippensburg University
Brendan Boylan,0,1,0,0,0,0,0,2015,Shippensburg University
Dylan Bongiorni,0,2,0,0,1,0,0,2015,Shippensburg University
Doug Altavilla,10,22,144,0,0,53,5,2016,Ashland University
Logan Weaver,5,10,37,0,0,16,0,2016,Ashland University
Doug Altavilla,16,28,108,1,0,19,8,2016,Kutztown University
Logan Weaver,0,1,0,0,0,0,0,2016,Kutztown University
Doug Altavilla,22,38,314,3,1,57,3,2016,East Stroudsburg University
Doug Altavilla,17,25,306,3,1,89,2,2016,Clarion University
Doug Altavilla,16,24,144,2,2,25,3,2016,Gannon University
Richie Sanders,1,1,69,1,0,69,0,2016,Gannon University
Brad Novak,0,1,0,0,0,0,0,2016,Gannon University
Doug Altavilla,19,30,208,3,1,43,3,2016,Slippery Rock University
Doug Altavilla,7,11,72,0,1,14,3,2016,Edinboro University of Pennsylvania
Logan Weaver,8,15,48,0,0,17,2,2016,Edinboro University of Pennsylvania
Ram Finnegan,2,5,13,0,0,10,0,2016,Edinboro University of Pennsylvania
Brad Novak,0,1,0,0,0,0,0,2016,Edinboro University of Pennsylvania
Doug Altavilla,27,57,406,4,3,42,6,2016,Seton Hill University
TEAM,0,2,0,0,0,0,0,2016,Seton Hill University
Doug Altavilla,15,33,149,0,0,35,6,2016,California University of Pennsylvania
Logan Weaver,3,6,33,0,0,18,0,2016,California University of Pennsylvania
Doug Altavilla,22,37,243,1,2,39,2,2016,Indiana University of Pennsylvania
Doug Altavilla,18,22,243,2,0,39,0,2016,Lock Haven University
Doug Altavilla,16,38,252,1,1,40,3,2017,Hillsdale College
Doug Altavilla,21,34,203,1,0,27,3,2017,Kutztown University
Doug Altavilla,19,30,216,0,3,27,4,2017,East Stroudsburg University
Brad Novak,1,1,61,1,0,61,0,2017,East Stroudsburg University
Doug Altavilla,20,31,224,2,0,38,1,2017,Clarion University
Doug Altavilla,16,26,315,1,0,43,3,2017,Gannon University
Garrett Owens,0,1,0,0,0,0,0,2017,Gannon University
Doug Altavilla,26,40,326,2,0,42,1,2017,Slippery Rock University
Doug Altavilla,25,37,172,1,0,24,2,2017,Edinboro University of Pennsylvania
Doug Altavilla,12,20,131,3,0,19,1,2017,Seton Hill University
Doug Altavilla,20,41,257,1,2,41,1,2017,California University of Pennsylvania
Garrett Owens,1,1,17,0,0,17,0,2017,California University of Pennsylvania
TEAM,0,1,0,0,0,0,0,2017,California University of Pennsylvania
Doug Altavilla,12,24,86,1,3,14,2,2017,Indiana University of Pennsylvania
Ram Finnegan,3,7,47,0,0,17,1,2017,Indiana University of Pennsylvania
TEAM,0,2,0,0,0,0,0,2017,Indiana University of Pennsylvania
Doug Altavilla,11,19,163,2,3,46,2,2017,Lock Haven University
Doug Altavilla,18,34,140,1,1,16,1,2018,Hillsdale College
Doug Altavilla,20,29,205,1,0,25,0,2018,Tiffin University (Ohio)
Garrett Owens,0,1,0,0,0,0,0,2018,Tiffin University (Ohio)
Doug Altavilla,17,28,146,1,1,19,1,2018,Bloomsburg University
Doug Altavilla,12,21,174,0,1,32,5,2018,Indiana University of Pennsylvania
R. Finnegan,0,2,0,0,0,0,0,2018,Indiana University of Pennsylvania
Doug Altavilla,15,31,171,1,1,42,4,2018,Slippery Rock University
Doug Altavilla,15,17,224,2,0,60,4,2018,Edinboro University of Pennsylvania
Garrett Owens,0,1,0,0,0,0,0,2018,Edinboro University of Pennsylvania
Doug Altavilla,14,26,237,2,2,73,1,2018,Seton Hill University
Doug Altavilla,11,25,57,0,4,11,3,2018,California University of Pennsylvania
R. Finnegan,3,8,27,0,0,13,0,2018,California University of Pennsylvania
J. Tarasovitch,0,1,0,0,0,0,0,2018,California University of Pennsylvania
Jacob Holl,0,1,0,0,0,0,0,2018,California University of Pennsylvania
Doug Altavilla,8,14,77,1,0,25,2,2018,Gannon University
TEAM,0,1,0,0,0,0,0,2018,Gannon University
Doug Altavilla,4,14,56,1,1,28,1,2018,Clarion University
Doug Altavilla,12,24,228,3,1,59,3,2018,Millersville University
Doug Altavilla,12,29,129,1,1,23,0,2019,Lake Erie College
Doug Altavilla,13,21,205,0,0,45,1,2019,Shepherd University
Michael Lowery,7,14,106,1,0,26,0,2019,Shepherd University
Garrett Owens,0,1,0,0,0,0,0,2019,Shepherd University
Doug Altavilla,14,25,208,2,2,43,1,2019,Bloomsburg University
Doug Altavilla,13,22,192,3,2,33,3,2019,Indiana University of Pennsylvania
Michael Lowery,3,10,29,0,0,18,1,2019,Indiana University of Pennsylvania
Cortez Watson,1,1,10,0,0,10,0,2019,Indiana University of Pennsylvania
Doug Altavilla,13,23,93,1,2,41,1,2019,Slippery Rock University
Michael Lowery,7,15,81,0,2,27,3,2019,Slippery Rock University
Doug Altavilla,18,27,202,2,1,38,0,2019,Edinboro University of Pennsylvania
Garrett Owens,1,1,16,0,0,16,0,2019,Edinboro University of Pennsylvania
Doug Altavilla,16,30,188,1,2,42,0,2019,Seton Hill University (Pa.)
Michael Lowery,2,2,28,0,0,18,0,2019,Seton Hill University (Pa.)
Doug Altavilla,14,25,104,1,3,14,0,2019,California University of Pennsylvania
Joe Carter,2,3,57,1,0,50,0,2019,California University of Pennsylvania
Doug Altavilla,15,20,312,2,1,80,3,2019,Gannon University
Michael Lowery,5,5,43,0,0,11,1,2019,Gannon University
Doug Altavilla,10,14,121,2,1,34,1,2019,Clarion University
Michael Lowery,1,1,24,0,0,24,0,2019,Clarion University
Doug Altavilla,16,26,139,1,0,27,1,2019,Millersville University
"Lowery,Michael",24,36,274,1,0,24,4,2021,Alderson Broaddus University
"Lowery,Michael",14,23,105,1,1,20,9,2021,West Chester
"Alsobrooks,Brian",2,3,18,0,0,9,1,2021,West Chester
TEAM,0,1,0,0,0,0,0,2021,West Chester
Michael Lowery,16,32,155,1,0,33,2,2021,East Stroudsburg
"Lowery,Michael",18,29,135,1,1,24,1,2021,Indiana University of Pennsylvania (Homecoming)
"Alsobrooks,Brian",8,14,52,0,1,13,1,2021,Indiana University of Pennsylvania (Homecoming)
"Davison,Rylan",1,1,35,0,0,35,0,2021,Indiana University of Pennsylvania (Homecoming)
Joe Carter,12,22,72,0,1,16,2,2021,California University of Pennsylvania
BrianAlsobrooks,4,10,23,0,1,11,2,2021,California University of Pennsylvania
Michael Lowery,1,1,4,0,0,4,1,2021,California University of Pennsylvania
"Carter,Joe",8,21,125,2,1,68,5,2021,Seton Hill University
"Shoaf,Dustin",1,1,20,0,0,20,0,2021,Seton Hill University
"Carter,Joe",22,31,310,3,0,31,3,2021,Edinboro University of Pennsylvania
"Carter,Joe",15,29,111,1,3,18,2,2021,Slippery Rock University
"Carter,Joe",15,25,202,3,1,34,1,2021,Clarion University
Joe Carter,15,31,263,1,0,50,2,2021,Shippensburg University
Michael Lowery,12,27,158,2,3,35,2,2022,Alderson Broaddus University
"Lowery,Michael",16,23,171,1,1,25,1,2022,Lock Haven University
"Carter,Joe",2,2,41,0,0,21,0,2022,Lock Haven University
"Lowery,Michael",13,19,109,1,2,30,1,2022,Kutztown University
"Carter,Joe",2,6,12,1,0,8,0,2022,Kutztown University
"Lowery,Michael",16,28,178,2,0,47,3,2022,Indiana University of Pennsylvania
"Lowery,Michael",8,17,63,0,2,14,1,2022,Edinboro University of Pennsylvania
"Carter,Joe",5,11,60,0,0,33,0,2022,Edinboro University of Pennsylvania
Joe Carter,23,45,242,1,2,48,4,2022,Slippery Rock University
"Carter,Joe",10,17,126,2,4,45,1,2022,Clarion University
"Cortopassi,Aus.",1,1,19,0,0,19,0,2022,Clarion University
"Carter, Joe",15,27,151,1,2,40,2,2022,Gannon University
"Alsobrooks, Bri",3,4,26,1,0,16,0,2022,Gannon University
"Alsobrooks,Brian",16,29,226,3,0,59,4,2022,California University of Pennsylvania
"Lowery,Michael",1,1,18,0,0,18,0,2022,California University of Pennsylvania
"Alsobrooks, Bri",18,37,162,0,1,31,8,2022,Seton Hill University
"Kerbacher, Joe",0,1,0,0,0,0,0,2022,Seton Hill University
"Alsobrooks,Brian",11,22,106,0,0,36,0,2022,Bloomsburg University
"Lowery,Michael",8,13,79,0,0,30,2,2022,Bloomsburg University
"Urena,Adam",28,33,313,5,0,26,0,2023,Lock Haven University
"Urena,Adam",24,45,279,2,1,35,4,2023,Kutztown University
"Urena,Adam",15,29,156,2,0,39,4,2023,RVIndiana University of Pennsylvania
"Urena,Adam",25,41,322,2,2,66,1,2023,Edinboro University of Pennsylvania
"Urena,Adam",21,33,197,1,2,26,0,2023,#10Slippery Rock University
"Urena,Adam",18,25,199,3,0,33,3,2023,Clarion University
"Urena,Adam",18,28,242,3,1,57,1,2023,Gannon University
"Urena, Adam",15,28,177,2,3,39,2,2023,California University of Pennsylvania
"Urena,Adam",16,33,172,0,2,29,4,2023,Seton Hill University
"Lippert,Austin",1,1,5,0,0,5,0,2023,Seton Hill University
"Urena,Adam",23,34,233,3,0,31,4,2024,Howard University
"Urena,Adam",27,41,204,2,1,25,3,2024,Robert Morris University
"Urena,Adam",28,44,213,1,0,26,6,2024,Montana State University
"Urena,Adam",18,23,229,2,0,35,2,2024,Frostburg State University
"Urena,Adam",26,36,312,6,0,41,1,2024,Buffalo State
"Gevaudan,Alex",2,2,51,1,0,42,0,2024,Buffalo State
"Urena,Adam",25,43,229,2,0,21,2,2024,Sacred Heart University
TEAM,0,1,0,0,0,0,0,2024,Sacred Heart University
"Urena,Adam",38,52,345,3,1,30,4,2024,Duquesne University
"Urena,Adam",16,18,215,6,0,61,1,2024,Lincoln University
"Gevaudan,Alex",1,4,29,1,0,29,0,2024,Lincoln University
"Kim,Austin",1,2,4,0,0,4,0,2024,Lincoln University
"Urena,Adam",21,33,240,2,0,46,1,2024,Saint Francis University
"Urena,Adam",32,48,311,2,2,27,2,2025,RVYoungstown State
"Urena,Adam",21,27,349,2,0,35,0,2025,New Haven
"Gevaudan,Alex",5,6,30,0,1,20,0,2025,New Haven
"Black,Braydon",0,1,0,0,0,0,0,2025,New Haven
"Urena,Adam",27,44,280,2,2,24,3,2025,#21Sacramento State
"Gevaudan,Alex",0,1,0,0,0,0,0,2025,#21Sacramento State
"Urena,Adam",23,35,206,0,1,37,2,2025,#4/5Montana State
"Gevaudan,Alex",1,1,-1,0,0,0,0,2025,#4/5Montana State
"Urena,Adam",12,18,103,1,2,22,3,2025,#2South Dakota State
"Gevaudan,Alex",1,1,10,0,0,10,0,2025,#2South Dakota State
"Kerbacher,Joe",0,1,0,0,0,0,0,2025,#2South Dakota State
"Urena,Adam",24,31,191,1,1,20,5,2025,LIU
"Gevaudan,Alex",13,24,191,1,0,76,0,2025,Wagner
"Urena,Adam",10,29,83,0,0,16,4,2025,Duquesne
"Gevaudan,Alex",4,6,23,0,0,14,0,2025,Duquesne
"Trobel,Brian",0,1,0,0,0,0,0,2025,Duquesne
"Urena,Adam",30,43,261,2,1,22,0,2025,Stonehill
"Urena,Adam",22,32,234,1,0,53,2,2025,Saint Francis
"Urena,Adam",19,27,206,1,1,27,3,2025,Robert Morris
"Urena,Adam",17,36,188,1,0,31,1,2025,Central Connecticut State
