player,receptions,receiving_yards,receiving_tds,long_reception,year,opponent
Devyn Woods,5,77,2,23,2012,Notre Dame College (Ohio)
Vladmir Rock,3,72,1,33,2012,Notre Dame College (Ohio)
Ryan Bartizal,2,44,0,27,2012,Notre Dame College (Ohio)
Steve Yarbrough,2,27,0,17,2012,Notre Dame College (Ohio)
Paris Bruner,1,24,0,24,2012,Notre Dame College (Ohio)
Allen Jones II,1,20,1,20,2012,Notre Dame College (Ohio)
Paris Bruner,1,52,1,52,2012,Millersville University
Devyn Woods,2,22,0,14,2012,Millersville University
Leon Gallop,1,19,0,19,2012,Millersville University
Jeff Groene,3,15,0,6,2012,Millersville University
Paris Bruner,2,44,1,38,2012,Clarion University
Devyn Woods,3,43,1,20,2012,Clarion University
B. Brown-Dukes,1,14,0,14,2012,Clarion University
Vladmir Rock,1,12,0,12,2012,Clarion University
Leon Gallop,1,5,0,5,2012,Clarion University
Paris Bruner,4,114,0,51,2012,Slippery Rock University
Devyn Woods,2,51,1,42,2012,Slippery Rock University
Jeff Groene,1,12,0,12,2012,Slippery Rock University
B. Brown-Dukes,1,7,0,7,2012,Slippery Rock University
Devyn Woods,4,93,1,40,2012,Cheyney University
Paris Bruner,2,52,0,43,2012,Cheyney University
Jeff Groene,2,23,1,13,2012,Cheyney University
Leon Gallop,1,13,0,13,2012,Cheyney University
Devyn Woods,3,32,0,12,2012,Lock Haven University
Paris Bruner,3,21,0,13,2012,Lock Haven University
B. Brown-Dukes,1,12,0,12,2012,Lock Haven University
Jeff Groene,2,9,1,6,2012,Lock Haven University
Allen Jones II,1,1,0,1,2012,Lock Haven University
Paris Bruner,6,66,0,18,2012,Gannon University
Ozzie Lumpkin,2,46,0,27,2012,Gannon University
Devyn Woods,2,29,1,16,2012,Gannon University
Jeff Groene,1,4,0,4,2012,Gannon University
Leon Gallop,1,1,0,1,2012,Gannon University
Paris Bruner,3,42,0,16,2012,Indiana University of Pennsylvania
Devyn Woods,1,37,0,37,2012,Indiana University of Pennsylvania
Leon Gallop,1,24,0,24,2012,Indiana University of Pennsylvania
Ozzie Lumpkin,2,14,0,8,2012,Indiana University of Pennsylvania
B. Brown-Dukes,2,6,0,5,2012,Indiana University of Pennsylvania
Paul Gallagher,1,2,0,2,2012,Indiana University of Pennsylvania
Paris Bruner,6,187,0,75,2012,Edinboro University
John Matarazzo,3,53,0,47,2012,Edinboro University
Leon Gallop,2,36,1,26,2012,Edinboro University
Ryan Bartizal,1,15,0,15,2012,Edinboro University
Devyn Woods,1,5,0,5,2012,Edinboro University
Paul Gallagher,1,2,0,2,2012,Edinboro University
Devyn Woods,3,76,0,42,2012,California University of Pennsylvania
Paris Bruner,4,72,1,48,2012,California University of Pennsylvania
B. Brown-Dukes,1,29,0,29,2012,California University of Pennsylvania
Leon Gallop,1,9,0,9,2012,California University of Pennsylvania
John Matarazzo,1,5,0,5,2012,California University of Pennsylvania
Devyn Woods,9,215,3,44,2012,East Stroudsburg University
Paris Bruner,5,144,0,50,2012,East Stroudsburg University
Ryan Bartizal,1,14,0,14,2012,East Stroudsburg University
Allen Jones II,1,6,0,6,2012,East Stroudsburg University
Jaquan Williams,5,49,0,21,2013,Bentley University
R.J. Miller,4,44,0,14,2013,Bentley University
Ozzie Lumpkin,2,38,0,26,2013,Bentley University
Jeff Groene,3,25,1,10,2013,Bentley University
Vladmir Rock,2,23,0,14,2013,Bentley University
S. Yarbrough,1,20,0,20,2013,Bentley University
John Matarazzo,1,13,0,13,2013,Bentley University
Dylan Bongiorni,1,5,0,5,2013,Bentley University
Allen Jones II,1,0,0,0,2013,Bentley University
B. Brown-Dukes,1,-1,0,0,2013,Bentley University
Vladmir Rock,2,32,0,28,2013,Millersville University
Dylan Bongiorni,3,23,0,9,2013,Millersville University
Ozzie Lumpkin,1,22,0,22,2013,Millersville University
S. Yarbrough,2,20,0,11,2013,Millersville University
John Matarazzo,1,13,0,13,2013,Millersville University
Jaquan Williams,1,12,0,12,2013,Millersville University
Pat Barry,1,11,0,11,2013,Millersville University
R.J. Miller,1,10,1,10,2013,Millersville University
Chris Lyle,1,9,0,9,2013,Millersville University
Milton Revell,1,8,0,8,2013,Millersville University
Jeff Groene,1,5,0,5,2013,Millersville University
Matt Hyland,1,3,1,3,2013,Millersville University
B. Brown-Dukes,1,1,0,1,2013,Millersville University
S. Yarbrough,2,21,0,13,2013,Clarion University
John Matarazzo,1,19,0,19,2013,Clarion University
Jaquan Williams,1,17,0,17,2013,Clarion University
Dylan Bongiorni,2,16,0,9,2013,Clarion University
Milton Revell,1,12,0,12,2013,Clarion University
Drew Robinson,1,9,0,9,2013,Clarion University
Jeff Groene,1,7,0,7,2013,Clarion University
R.J. Miller,1,6,0,6,2013,Clarion University
B. Brown-Dukes,2,-11,0,3,2013,Clarion University
Jaquan Williams,2,50,0,44,2013,Slippery Rock University
Kyle Briggs,2,27,1,16,2013,Slippery Rock University
Pat Barry,3,27,0,12,2013,Slippery Rock University
Milton Revell,1,23,0,23,2013,Slippery Rock University
John Matarazzo,1,18,0,18,2013,Slippery Rock University
Ozzie Lumpkin,2,16,0,12,2013,Slippery Rock University
Brandon Brown-Dukes,1,11,0,11,2013,Slippery Rock University
R.J. Miller,1,11,0,11,2013,Slippery Rock University
Chris Lyle,1,9,0,9,2013,Slippery Rock University
T.J. Latimer,1,2,0,2,2013,Slippery Rock University
Jaquan Williams,7,123,2,59,2013,Cheyney University
Marcus Snipes,2,68,1,63,2013,Cheyney University
T.J. Latimer,2,19,1,13,2013,Cheyney University
Kyle Briggs,1,18,0,18,2013,Cheyney University
R.J. Miller,1,16,0,16,2013,Cheyney University
Pat Barry,1,16,1,16,2013,Cheyney University
Vladmir Rock,2,8,0,5,2013,Cheyney University
Dylan Bongiorni,1,8,0,8,2013,Cheyney University
Marcus Snipes,3,59,2,36,2013,Seton Hill University
Jeff Groene,3,50,0,27,2013,Seton Hill University
John Matarazzo,2,41,0,36,2013,Seton Hill University
Jaquan Williams,4,38,0,11,2013,Seton Hill University
Pat Barry,1,14,0,14,2013,Seton Hill University
T.J. Latimer,1,7,1,7,2013,Seton Hill University
R.J. Miller,3,61,0,32,2013,Gannon University
Marcus Snipes,2,60,1,50,2013,Gannon University
Jaquan Williams,2,58,1,52,2013,Gannon University
B. Brown-Dukes,1,26,0,26,2013,Gannon University
Jeff Groene,2,16,1,12,2013,Gannon University
Jaquan Williams,2,33,0,23,2013,Indiana University of Pennsylvania
Richie Sanders,2,19,0,11,2013,Indiana University of Pennsylvania
S. Yarbrough,1,5,0,5,2013,Indiana University of Pennsylvania
B. Brown-Dukes,2,1,0,1,2013,Indiana University of Pennsylvania
S. Yarbrough,1,61,1,61,2013,Edinboro University
Jaquan Williams,1,8,0,8,2013,Edinboro University
R.J. Miller,1,7,0,7,2013,Edinboro University
Jeff Groene,1,5,0,5,2013,Edinboro University
Allen Jones II,2,4,0,3,2013,Edinboro University
Richie Sanders,1,2,0,2,2013,Edinboro University
Jaquan Williams,3,29,0,15,2013,California University of Pennsylvania
Vladmir Rock,2,25,0,14,2013,California University of Pennsylvania
R.J. Miller,2,25,0,13,2013,California University of Pennsylvania
Allen Jones II,2,13,0,7,2013,California University of Pennsylvania
Stephen Yarbrough,1,7,0,7,2013,California University of Pennsylvania
Jaquan Williams,5,76,0,30,2013,East Stroudsburg University
Jeff Groene,3,52,0,29,2013,East Stroudsburg University
Richie Sanders,1,22,0,22,2013,East Stroudsburg University
Vladmir Rock,1,15,0,15,2013,East Stroudsburg University
John Matarazzo,1,10,0,10,2013,East Stroudsburg University
R.J. Miller,1,6,0,6,2013,East Stroudsburg University
Matt Hyland,1,4,1,4,2013,East Stroudsburg University
B. Brown-Dukes,1,0,0,0,2013,East Stroudsburg University
Jaquan Williams,1,37,0,37,2014,Bentley University
John Matarazzo,3,25,0,13,2014,Bentley University
R.J. Miller,2,18,0,14,2014,Bentley University
Brad Novak,3,13,0,5,2014,Bentley University
T.J. Latimer,3,9,1,7,2014,Bentley University
Brandon Brown-Dukes,2,4,0,4,2014,Bentley University
Jaquan Williams,3,75,1,34,2014,West Chester University of Pennsylvania
Dylan Bongiorni,3,45,0,19,2014,West Chester University of Pennsylvania
John Matarazzo,3,31,0,14,2014,West Chester University of Pennsylvania
Brad Novak,3,20,0,7,2014,West Chester University of Pennsylvania
Alex Misterman,1,19,0,19,2014,West Chester University of Pennsylvania
R.J. Miller,2,13,0,15,2014,West Chester University of Pennsylvania
T.J. Latimer,0,5,0,0,2014,West Chester University of Pennsylvania
Kyle Briggs,1,4,0,4,2014,West Chester University of Pennsylvania
Brandon Brown-Dukes,1,0,0,0,2014,West Chester University of Pennsylvania
R.J. Miller,6,82,1,28,2014,Bloomsburg University
Jaquan Williams,5,51,1,18,2014,Bloomsburg University
Dylan Bongiorni,2,23,0,18,2014,Bloomsburg University
T.J. Latimer,3,20,0,11,2014,Bloomsburg University
S. Yarbrough,1,16,0,16,2014,Bloomsburg University
B. Brown-Dukes,2,14,0,7,2014,Bloomsburg University
Brad Novak,1,10,0,10,2014,Bloomsburg University
John Matarazzo,1,1,0,1,2014,Bloomsburg University
Jaquan Williams,3,69,0,47,2014,Indiana University of Pennsylvania
R.J. Miller,4,19,0,6,2014,Indiana University of Pennsylvania
Donny Holl,1,17,0,17,2014,Indiana University of Pennsylvania
Brandon Brown-Dukes,2,6,0,8,2014,Indiana University of Pennsylvania
Brad Novak,1,6,0,6,2014,Indiana University of Pennsylvania
Drew Robinson,2,89,1,78,2014,Clarion University
R.J. Miller,3,42,0,21,2014,Clarion University
Brandon Brown-Dukes,2,28,1,19,2014,Clarion University
Andrew Miller,2,28,1,16,2014,Clarion University
Jaquan Williams,2,23,0,12,2014,Clarion University
Stephen Yarbrough,2,16,0,9,2014,Clarion University
Brad Novak,1,15,0,15,2014,Clarion University
Stephen Yarbrough,5,128,1,48,2014,Gannon University
Jaquan Williams,7,109,1,28,2014,Gannon University
T.J. Latimer,5,82,2,32,2014,Gannon University
R.J. Miller,4,55,0,17,2014,Gannon University
Brad Novak,2,30,0,16,2014,Gannon University
Dylan Bongiorni,1,19,0,19,2014,Gannon University
Brandon Brown-Dukes,2,13,0,9,2014,Gannon University
Drew Robinson,2,10,0,6,2014,Gannon University
Stephen Yarbrough,2,77,1,41,2014,Slippery Rock University
Jaquan Williams,3,67,1,39,2014,Slippery Rock University
Drew Robinson,1,51,0,51,2014,Slippery Rock University
Brandon Brown-Dukes,4,46,1,21,2014,Slippery Rock University
R.J. Miller,5,45,1,16,2014,Slippery Rock University
T.J. Latimer,4,36,0,12,2014,Slippery Rock University
John Matarazzo,2,28,0,20,2014,Slippery Rock University
Donny Holl,2,22,1,16,2014,Slippery Rock University
Dylan Bongiorni,2,19,0,13,2014,Slippery Rock University
Stephen Yarbrough,2,112,2,57,2014,Edinboro University of Pennsylvania
Jaquan Williams,6,91,0,38,2014,Edinboro University of Pennsylvania
R.J. Miller,3,28,0,20,2014,Edinboro University of Pennsylvania
Dylan Bongiorni,2,27,0,19,2014,Edinboro University of Pennsylvania
T.J. Latimer,2,24,0,14,2014,Edinboro University of Pennsylvania
Donny Holl,2,19,0,18,2014,Edinboro University of Pennsylvania
Drew Robinson,1,11,0,11,2014,Edinboro University of Pennsylvania
Brandon Brown-Dukes,1,9,0,9,2014,Edinboro University of Pennsylvania
Jaquan Williams,3,92,0,48,2014,Seton Hill University
T.J. Latimer,2,53,0,35,2014,Seton Hill University
Brad Novak,2,46,0,28,2014,Seton Hill University
John Matarazzo,3,29,1,24,2014,Seton Hill University
R.J. Miller,1,11,1,11,2014,Seton Hill University
Stephen Yarbrough,1,9,0,9,2014,Seton Hill University
Donny Holl,1,9,1,9,2014,Seton Hill University
Brandon Brown-Dukes,1,3,0,3,2014,Seton Hill University
Stephen Yarbrough,12,238,3,54,2014,California University of Pennsylvania
Dylan Bongiorni,3,93,0,35,2014,California University of Pennsylvania
R.J. Miller,6,82,2,21,2014,California University of Pennsylvania
T.J. Latimer,6,51,1,17,2014,California University of Pennsylvania
Drew Robinson,3,32,0,32,2014,California University of Pennsylvania
Brad Novak,2,16,0,15,2014,California University of Pennsylvania
Alex Misterman,2,13,0,12,2014,California University of Pennsylvania
John Matarazzo,1,8,0,8,2014,California University of Pennsylvania
Brandon Brown-Dukes,1,6,0,6,2014,California University of Pennsylvania
Donny Holl,1,5,0,5,2014,California University of Pennsylvania
Stephen Yarbrough,6,165,0,42,2014,Shippensburg University
R.J. Miller,9,90,2,21,2014,Shippensburg University
Jaquan Williams,3,59,0,44,2014,Shippensburg University
Dylan Bongiorni,1,37,1,37,2014,Shippensburg University
Brad Novak,2,20,0,20,2014,Shippensburg University
Pat Barry,1,16,0,16,2014,Shippensburg University
John Matarazzo,1,16,0,16,2014,Shippensburg University
Donny Holl,2,4,2,3,2014,Shippensburg University
Drew Robinson,1,2,0,2,2014,Shippensburg University
FJ Williams,3,93,0,42,2015,Bentley University
Jaquan Williams,4,63,1,37,2015,Bentley University
Drew Robinson,2,56,0,38,2015,Bentley University
Dylan Bongiorni,3,37,0,20,2015,Bentley University
Donny Holl,1,24,0,24,2015,Bentley University
John Matarazzo,2,23,1,16,2015,Bentley University
Brad Novak,1,4,0,4,2015,Bentley University
T.J. Latimer,2,3,1,2,2015,Bentley University
Brandon Brown-Dukes,1,2,0,2,2015,Bentley University
Richie Sanders,1,0,0,0,2015,Bentley University
FJ Williams,9,174,2,34,2015,West Chester University of Pennsylvania
T.J. Latimer,4,61,0,27,2015,West Chester University of Pennsylvania
Dylan Bongiorni,2,59,1,44,2015,West Chester University of Pennsylvania
Richie Sanders,2,20,0,15,2015,West Chester University of Pennsylvania
Donny Holl,2,17,0,10,2015,West Chester University of Pennsylvania
Kyle Briggs,1,1,0,1,2015,West Chester University of Pennsylvania
FJ Williams,5,99,2,42,2015,Bloomsburg University
Jaquan Williams,2,49,0,35,2015,Bloomsburg University
John Matarazzo,2,33,1,19,2015,Bloomsburg University
Richie Sanders,2,26,0,19,2015,Bloomsburg University
T.J. Latimer,1,8,0,8,2015,Bloomsburg University
Brandon Brown-Dukes,3,4,0,7,2015,Bloomsburg University
Dylan Bongiorni,1,3,0,3,2015,Bloomsburg University
FJ Williams,9,146,0,25,2015,Indiana University of Pennsylvania
Jaquan Williams,6,100,1,36,2015,Indiana University of Pennsylvania
Richie Sanders,3,55,0,23,2015,Indiana University of Pennsylvania
Dylan Bongiorni,2,27,0,23,2015,Indiana University of Pennsylvania
T.J. Latimer,2,16,0,12,2015,Indiana University of Pennsylvania
John Matarazzo,2,10,1,7,2015,Indiana University of Pennsylvania
Drew Robinson,1,2,0,2,2015,Indiana University of Pennsylvania
B. Brown-Dukes,1,1,0,1,2015,Indiana University of Pennsylvania
Dylan Bongiorni,3,41,0,15,2015,Clarion University
T.J. Latimer,8,38,1,9,2015,Clarion University
FJ Williams,5,37,2,26,2015,Clarion University
Jaquan Williams,3,26,0,12,2015,Clarion University
John Matarazzo,3,26,1,21,2015,Clarion University
Brandon Brown-Dukes,1,10,0,5,2015,Clarion University
Richie Sanders,1,9,0,9,2015,Clarion University
Brad Novak,1,9,0,9,2015,Clarion University
Donny Holl,1,8,0,8,2015,Clarion University
Drew Robinson,1,7,0,7,2015,Clarion University
FJ Williams,4,54,0,29,2015,Gannon University
Jaquan Williams,4,30,0,15,2015,Gannon University
John Matarazzo,2,29,0,16,2015,Gannon University
Zach Emerick,1,28,0,28,2015,Gannon University
T.J. Latimer,4,22,0,12,2015,Gannon University
Richie Sanders,2,18,0,9,2015,Gannon University
Brad Novak,1,6,0,6,2015,Gannon University
Jaquan Williams,8,137,1,35,2015,Slippery Rock University
FJ Williams,10,97,1,20,2015,Slippery Rock University
Brandon Brown-Dukes,7,58,0,12,2015,Slippery Rock University
Richie Sanders,3,37,0,26,2015,Slippery Rock University
T.J. Latimer,4,36,1,16,2015,Slippery Rock University
Donny Holl,2,20,0,10,2015,Slippery Rock University
Dylan Bongiorni,2,13,0,8,2015,Slippery Rock University
John Matarazzo,1,10,0,10,2015,Slippery Rock University
Brad Novak,2,4,0,4,2015,Slippery Rock University
FJ Williams,1,21,0,21,2015,Edinboro University of Pennsylvania
T.J. Latimer,3,19,0,9,2015,Edinboro University of Pennsylvania
B. Brown-Dukes,4,9,0,6,2015,Edinboro University of Pennsylvania
Jaquan Williams,2,8,1,6,2015,Edinboro University of Pennsylvania
John Matarazzo,1,7,0,7,2015,Edinboro University of Pennsylvania
FJ Williams,3,104,1,58,2015,Seton Hill University
Brandon Brown-Dukes,1,68,1,68,2015,Seton Hill University
Jaquan Williams,6,49,1,18,2015,Seton Hill University
Dylan Bongiorni,4,42,0,16,2015,Seton Hill University
T.J. Latimer,3,29,1,20,2015,Seton Hill University
Drew Robinson,2,13,0,7,2015,Seton Hill University
Richie Sanders,1,6,0,6,2015,Seton Hill University
Jaquan Williams,6,99,1,27,2015,California University of Pennsylvania
Donny Holl,4,35,0,17,2015,California University of Pennsylvania
Drew Robinson,2,31,0,21,2015,California University of Pennsylvania
T.J. Latimer,2,28,0,24,2015,California University of Pennsylvania
John Matarazzo,2,27,1,19,2015,California University of Pennsylvania
FJ Williams,1,9,0,9,2015,California University of Pennsylvania
Dylan Bongiorni,1,6,0,6,2015,California University of Pennsylvania
Brandon Brown-Dukes,2,4,0,9,2015,California University of Pennsylvania
FJ Williams,7,75,1,20,2015,Shippensburg University
T.J. Latimer,2,61,0,66,2015,Shippensburg University
Jaquan Williams,6,57,0,16,2015,Shippensburg University
Dylan Bongiorni,3,36,0,15,2015,Shippensburg University
Richie Sanders,1,0,0,0,2015,Shippensburg University
Danavian Clay,5,74,0,37,2016,Ashland University
Brad Novak,1,53,0,53,2016,Ashland University
Richie Sanders,3,26,0,23,2016,Ashland University
Clay Waldron,2,16,0,11,2016,Ashland University
Zach Smith,1,10,0,10,2016,Ashland University
Pierce Bauer,2,8,0,4,2016,Ashland University
Drew Robinson,1,-6,0,0,2016,Ashland University
Bryce Mostoller,5,49,1,19,2016,Kutztown University
Danavian Clay,4,32,0,13,2016,Kutztown University
Brad Novak,2,26,0,14,2016,Kutztown University
Brian Matthews,1,4,0,4,2016,Kutztown University
Pierce Bauer,1,1,0,1,2016,Kutztown University
Drew Robinson,2,-1,0,4,2016,Kutztown University
Richie Sanders,1,-3,0,0,2016,Kutztown University
Brad Novak,6,95,1,57,2016,East Stroudsburg University
Danavian Clay,3,59,1,53,2016,East Stroudsburg University
Drew Robinson,2,40,0,20,2016,East Stroudsburg University
Richie Sanders,3,38,0,26,2016,East Stroudsburg University
Zach Smith,4,28,0,8,2016,East Stroudsburg University
Bryce Mostoller,1,28,0,28,2016,East Stroudsburg University
Brian Matthews,2,24,1,21,2016,East Stroudsburg University
Pierce Bauer,1,2,0,2,2016,East Stroudsburg University
Brad Novak,4,97,2,51,2016,Clarion University
Brian Matthews,1,89,1,89,2016,Clarion University
Richie Sanders,4,54,0,35,2016,Clarion University
Danavian Clay,4,54,0,38,2016,Clarion University
Drew Robinson,3,6,0,7,2016,Clarion University
Pierce Bauer,1,6,0,6,2016,Clarion University
Brad Novak,4,111,1,69,2016,Gannon University
Drew Robinson,3,29,0,17,2016,Gannon University
Zach Smith,1,23,1,23,2016,Gannon University
Bryce Mostoller,5,20,1,14,2016,Gannon University
Brian Matthews,2,16,0,10,2016,Gannon University
Danavian Clay,2,14,0,9,2016,Gannon University
Brad Novak,3,73,0,43,2016,Slippery Rock University
Richie Sanders,3,42,0,26,2016,Slippery Rock University
Danavian Clay,3,36,1,21,2016,Slippery Rock University
Pierce Bauer,3,16,2,10,2016,Slippery Rock University
Joe Carbone,1,14,0,14,2016,Slippery Rock University
Brian Matthews,1,10,0,10,2016,Slippery Rock University
Bryce Mostoller,2,10,0,6,2016,Slippery Rock University
Zach Smith,1,7,0,7,2016,Slippery Rock University
Drew Robinson,1,4,0,4,2016,Slippery Rock University
E'Andre Smith,1,-4,0,0,2016,Slippery Rock University
Richie Sanders,3,34,0,17,2016,Edinboro University of Pennsylvania
Pierce Bauer,3,23,0,11,2016,Edinboro University of Pennsylvania
Danavian Clay,3,19,0,12,2016,Edinboro University of Pennsylvania
Zach Smith,1,17,0,17,2016,Edinboro University of Pennsylvania
Drew Robinson,3,17,0,8,2016,Edinboro University of Pennsylvania
Brad Novak,1,14,0,14,2016,Edinboro University of Pennsylvania
Bryce Mostoller,2,7,0,8,2016,Edinboro University of Pennsylvania
Clay Waldron,1,2,0,2,2016,Edinboro University of Pennsylvania
Danavian Clay,10,114,2,23,2016,Seton Hill University
Clay Waldron,3,94,0,42,2016,Seton Hill University
Brian Matthews,3,74,0,32,2016,Seton Hill University
Brad Novak,4,53,1,33,2016,Seton Hill University
Zach Smith,2,32,0,17,2016,Seton Hill University
Drew Robinson,2,14,0,9,2016,Seton Hill University
Pierce Bauer,1,10,0,10,2016,Seton Hill University
Bryce Mostoller,1,9,1,9,2016,Seton Hill University
E'Andre Smith,1,6,0,6,2016,Seton Hill University
Brad Novak,2,48,0,35,2016,California University of Pennsylvania
Bryce Mostoller,2,42,0,24,2016,California University of Pennsylvania
Danavian Clay,2,20,0,10,2016,California University of Pennsylvania
Trae Williams,1,18,0,18,2016,California University of Pennsylvania
Brian Matthews,2,17,0,16,2016,California University of Pennsylvania
Pierce Bauer,2,13,0,11,2016,California University of Pennsylvania
E'Andre Smith,1,12,0,12,2016,California University of Pennsylvania
Zach Smith,1,5,0,5,2016,California University of Pennsylvania
Drew Robinson,2,3,0,3,2016,California University of Pennsylvania
Ryan Kronmiller,1,3,0,3,2016,California University of Pennsylvania
Richie Sanders,2,1,0,1,2016,California University of Pennsylvania
Brad Novak,4,95,1,39,2016,Indiana University of Pennsylvania
Pierce Bauer,3,45,0,31,2016,Indiana University of Pennsylvania
Danavian Clay,5,33,0,9,2016,Indiana University of Pennsylvania
Richie Sanders,4,25,0,15,2016,Indiana University of Pennsylvania
Brian Matthews,3,18,0,11,2016,Indiana University of Pennsylvania
Drew Robinson,1,11,0,11,2016,Indiana University of Pennsylvania
Zach Smith,1,10,0,10,2016,Indiana University of Pennsylvania
Casey Kraft,1,6,0,6,2016,Indiana University of Pennsylvania
Bryce Mostoller,5,72,0,20,2016,Lock Haven University
Brad Novak,3,44,0,18,2016,Lock Haven University
Clay Waldron,1,39,1,39,2016,Lock Haven University
Richie Sanders,2,30,1,25,2016,Lock Haven University
Danavian Clay,2,23,0,15,2016,Lock Haven University
Pierce Bauer,3,22,0,15,2016,Lock Haven University
Drew Robinson,2,13,0,15,2016,Lock Haven University
Zach Smith,6,95,0,40,2017,Hillsdale College
Brad Novak,4,82,1,32,2017,Hillsdale College
Marcus Placke,1,28,0,28,2017,Hillsdale College
Garrett Owens,1,23,0,23,2017,Hillsdale College
Theo Blackston,3,16,0,9,2017,Hillsdale College
E'Andre Smith,1,8,0,8,2017,Hillsdale College
Brad Novak,6,72,0,17,2017,Kutztown University
Theo Blackston,3,30,0,23,2017,Kutztown University
Garrett Owens,3,29,1,27,2017,Kutztown University
E'Andre Smith,3,28,0,12,2017,Kutztown University
Danavian Clay,3,26,0,19,2017,Kutztown University
Zach Smith,3,18,0,9,2017,Kutztown University
Zach Smith,5,66,0,27,2017,East Stroudsburg University
Doug Altavilla,1,61,1,61,2017,East Stroudsburg University
Bryce Mostoller,4,51,0,21,2017,East Stroudsburg University
Theo Blackston,5,34,0,13,2017,East Stroudsburg University
Brad Novak,3,34,0,18,2017,East Stroudsburg University
Garrett Owens,1,25,0,25,2017,East Stroudsburg University
E'Andre Smith,1,6,0,6,2017,East Stroudsburg University
Brad Novak,4,95,1,38,2017,Clarion University
Zach Smith,4,67,0,24,2017,Clarion University
Marcus Placke,1,14,0,14,2017,Clarion University
Danavian Clay,1,13,0,13,2017,Clarion University
E'Andre Smith,4,12,0,11,2017,Clarion University
Bryce Mostoller,2,9,0,7,2017,Clarion University
Theo Blackston,2,8,1,7,2017,Clarion University
Garrett Owens,1,4,0,4,2017,Clarion University
Cameron Thompson,1,2,0,2,2017,Clarion University
Zach Smith,7,153,0,43,2017,Gannon University
Brad Novak,3,88,1,42,2017,Gannon University
Austin Hence,2,50,0,27,2017,Gannon University
Theo Blackston,2,21,0,18,2017,Gannon University
Garrett Owens,1,3,0,3,2017,Gannon University
C. Thompson,1,0,0,0,2017,Gannon University
Austin Hence,5,90,1,42,2017,Slippery Rock University
Brad Novak,7,85,1,26,2017,Slippery Rock University
Garrett Owens,6,57,0,23,2017,Slippery Rock University
Zach Smith,2,38,0,26,2017,Slippery Rock University
Theo Blackston,3,23,0,9,2017,Slippery Rock University
Marcus Placke,1,18,0,18,2017,Slippery Rock University
Bryce Mostoller,1,12,0,12,2017,Slippery Rock University
Joe Carbone,1,3,0,3,2017,Slippery Rock University
Brad Novak,6,62,1,24,2017,Edinboro University of Pennsylvania
Austin Hence,4,36,0,13,2017,Edinboro University of Pennsylvania
Theo Blackston,5,31,0,10,2017,Edinboro University of Pennsylvania
Bryce Mostoller,4,22,0,11,2017,Edinboro University of Pennsylvania
Zach Smith,1,15,0,15,2017,Edinboro University of Pennsylvania
C. Thompson,2,6,0,6,2017,Edinboro University of Pennsylvania
Grayson Taylor,1,1,0,1,2017,Edinboro University of Pennsylvania
Joe Carbone,2,-1,0,4,2017,Edinboro University of Pennsylvania
Brad Novak,8,93,2,19,2017,Seton Hill University
Zach Smith,2,21,0,13,2017,Seton Hill University
Bryce Mostoller,1,14,0,14,2017,Seton Hill University
Theo Blackston,1,3,1,3,2017,Seton Hill University
Brad Novak,5,107,1,41,2017,California University of Pennsylvania
Austin Hence,3,48,0,21,2017,California University of Pennsylvania
Marcus Placke,3,32,0,15,2017,California University of Pennsylvania
Theo Blackston,3,31,0,21,2017,California University of Pennsylvania
Garrett Owens,4,23,0,20,2017,California University of Pennsylvania
Doug Altavilla,1,17,0,17,2017,California University of Pennsylvania
Joe Carbone,1,10,0,10,2017,California University of Pennsylvania
Bryce Mostoller,1,6,0,6,2017,California University of Pennsylvania
Brad Novak,5,52,1,15,2017,Indiana University of Pennsylvania
Austin Hence,3,43,0,17,2017,Indiana University of Pennsylvania
Marcus Placke,2,15,0,10,2017,Indiana University of Pennsylvania
Grayson Taylor,1,14,0,14,2017,Indiana University of Pennsylvania
Zach Smith,3,8,0,7,2017,Indiana University of Pennsylvania
Garrett Owens,1,1,0,1,2017,Indiana University of Pennsylvania
Brad Novak,4,100,1,46,2017,Lock Haven University
Bryce Mostoller,1,14,0,14,2017,Lock Haven University
Clay Waldron,1,13,0,13,2017,Lock Haven University
Theo Blackston,3,12,1,7,2017,Lock Haven University
Joe Carbone,1,12,0,12,2017,Lock Haven University
Zach Smith,1,12,0,12,2017,Lock Haven University
Nick Altavilla,4,42,0,15,2018,Hillsdale College
Austin Hence,2,26,1,16,2018,Hillsdale College
Clay Waldron,2,20,0,11,2018,Hillsdale College
B. Mostoller,3,17,0,10,2018,Hillsdale College
Garrett Owens,3,15,0,9,2018,Hillsdale College
T. Blackston,1,12,0,12,2018,Hillsdale College
Marcus Placke,3,8,0,7,2018,Hillsdale College
Austin Hence,6,69,0,19,2018,Tiffin University (Ohio)
Marcus Placke,3,40,0,25,2018,Tiffin University (Ohio)
Garrett Owens,4,32,1,15,2018,Tiffin University (Ohio)
Clay Waldron,2,30,0,19,2018,Tiffin University (Ohio)
B. Mostoller,3,24,0,13,2018,Tiffin University (Ohio)
T. Blackston,2,10,0,8,2018,Tiffin University (Ohio)
Marcus Placke,4,52,0,17,2018,Bloomsburg University
Austin Hence,3,46,1,19,2018,Bloomsburg University
Clay Waldron,3,32,0,14,2018,Bloomsburg University
Garrett Owens,5,12,0,5,2018,Bloomsburg University
B. Mostoller,1,5,0,5,2018,Bloomsburg University
Fredrick Green,1,-1,0,0,2018,Bloomsburg University
Austin Hence,7,120,0,32,2018,Indiana University of Pennsylvania
Clay Waldron,1,32,0,32,2018,Indiana University of Pennsylvania
Garrett Owens,1,12,0,12,2018,Indiana University of Pennsylvania
Doug Altavilla,1,6,0,6,2018,Indiana University of Pennsylvania
Marcus Placke,1,5,0,5,2018,Indiana University of Pennsylvania
T. Blackston,1,-1,0,0,2018,Indiana University of Pennsylvania
Clay Waldron,4,73,1,42,2018,Slippery Rock University
Garrett Owens,5,51,0,22,2018,Slippery Rock University
Austin Hence,2,21,0,14,2018,Slippery Rock University
T. Blackston,2,15,0,10,2018,Slippery Rock University
Bryce Mostoller,1,9,0,9,2018,Slippery Rock University
Cortez Watson,1,2,0,2,2018,Slippery Rock University
Garrett Owens,2,62,1,60,2018,Edinboro University of Pennsylvania
Nick Altavilla,3,57,0,35,2018,Edinboro University of Pennsylvania
Clay Waldron,3,30,0,12,2018,Edinboro University of Pennsylvania
Fredrick Green,1,22,1,22,2018,Edinboro University of Pennsylvania
B. Mostoller,3,22,0,12,2018,Edinboro University of Pennsylvania
T. Blackston,2,19,0,14,2018,Edinboro University of Pennsylvania
Austin Smith,1,12,0,12,2018,Edinboro University of Pennsylvania
Clay Waldron,4,120,0,73,2018,Seton Hill University
Nick Altavilla,4,60,1,20,2018,Seton Hill University
T. Blackston,4,45,1,29,2018,Seton Hill University
Fredrick Green,1,9,0,9,2018,Seton Hill University
Romello Freeman,1,3,0,3,2018,Seton Hill University
Marcus Placke,3,27,0,13,2018,California University of Pennsylvania
Fredrick Green,3,18,0,11,2018,California University of Pennsylvania
Austin Hence,2,15,0,8,2018,California University of Pennsylvania
Clay Waldron,2,14,0,11,2018,California University of Pennsylvania
Cortez Watson,1,6,0,6,2018,California University of Pennsylvania
Jason Armstrong,1,2,0,2,2018,California University of Pennsylvania
Nick Altavilla,1,1,0,1,2018,California University of Pennsylvania
B. Mostoller,1,1,0,1,2018,California University of Pennsylvania
Garrett Owens,3,36,0,25,2018,Gannon University
Austin Hence,1,14,0,14,2018,Gannon University
Bryce Mostoller,2,13,1,11,2018,Gannon University
Clay Waldron,1,7,0,7,2018,Gannon University
Nick Altavilla,1,7,0,7,2018,Gannon University
Clay Waldron,2,32,1,28,2018,Clarion University
T. Blackston,1,13,0,13,2018,Clarion University
Marcus Placke,1,11,0,11,2018,Clarion University
Clay Waldron,7,150,2,59,2018,Millersville University
Austin Hence,2,50,0,37,2018,Millersville University
Cortez Watson,1,11,0,11,2018,Millersville University
B. Mostoller,1,11,1,11,2018,Millersville University
Marcus Placke,1,6,0,6,2018,Millersville University
Austin Hence,4,61,1,23,2019,Lake Erie College
Dustin Shoaf,2,23,0,17,2019,Lake Erie College
Garrett Owens,2,19,0,10,2019,Lake Erie College
Clay Waldron,2,17,0,12,2019,Lake Erie College
Nick Altavilla,1,9,0,9,2019,Lake Erie College
Cortez Watson,1,0,0,0,2019,Lake Erie College
Austin Hence,6,111,1,32,2019,Shepherd University
Clay Waldron,5,96,0,45,2019,Shepherd University
Dustin Shoaf,3,43,0,29,2019,Shepherd University
Cordell O'Brien,1,28,0,28,2019,Shepherd University
Garrett Owens,2,16,0,15,2019,Shepherd University
Joe Carbone,1,8,0,8,2019,Shepherd University
Cortez Watson,1,5,0,5,2019,Shepherd University
Nick Altavilla,1,4,0,4,2019,Shepherd University
Clay Waldron,2,43,0,29,2019,Bloomsburg University
Cordell O'Brien,1,43,0,43,2019,Bloomsburg University
Garrett Owens,2,31,0,27,2019,Bloomsburg University
Jason Armstrong,3,28,2,13,2019,Bloomsburg University
Nick Altavilla,1,25,0,25,2019,Bloomsburg University
Dustin Shoaf,2,24,0,15,2019,Bloomsburg University
Marcus Placke,2,9,0,5,2019,Bloomsburg University
Cortez Watson,1,5,0,5,2019,Bloomsburg University
Garrett Owens,5,85,1,33,2019,Indiana University of Pennsylvania
Cortez Watson,3,50,1,25,2019,Indiana University of Pennsylvania
Dustin Shoaf,2,26,0,23,2019,Indiana University of Pennsylvania
Jason Armstrong,3,25,1,11,2019,Indiana University of Pennsylvania
Austin Hence,1,18,0,18,2019,Indiana University of Pennsylvania
Doug Altavilla,1,10,0,10,2019,Indiana University of Pennsylvania
Nick Altavilla,1,9,0,9,2019,Indiana University of Pennsylvania
Grayson Taylor,1,8,0,8,2019,Indiana University of Pennsylvania
Garrett Owens,5,54,1,41,2019,Slippery Rock University
Clay Waldron,3,46,0,27,2019,Slippery Rock University
Cortez Watson,3,28,0,23,2019,Slippery Rock University
Marcus Placke,2,11,0,7,2019,Slippery Rock University
Jason Armstrong,2,11,0,9,2019,Slippery Rock University
Nick Altavilla,2,10,0,7,2019,Slippery Rock University
DaQuan Isom,2,7,0,5,2019,Slippery Rock University
Qadry Ismail,1,7,0,7,2019,Slippery Rock University
Jason Armstrong,5,68,1,22,2019,Edinboro University of Pennsylvania
Cortez Watson,4,55,1,18,2019,Edinboro University of Pennsylvania
Marcus Placke,4,44,0,38,2019,Edinboro University of Pennsylvania
Dustin Shoaf,2,21,0,14,2019,Edinboro University of Pennsylvania
Doug Altavilla,1,16,0,16,2019,Edinboro University of Pennsylvania
Cordell O'Brien,1,15,0,15,2019,Edinboro University of Pennsylvania
Garrett Owens,2,-1,0,2,2019,Edinboro University of Pennsylvania
Clay Waldron,3,70,1,42,2019,Seton Hill University (Pa.)
Nick Altavilla,5,69,0,25,2019,Seton Hill University (Pa.)
Marcus Placke,4,41,0,18,2019,Seton Hill University (Pa.)
Garrett Owens,3,19,0,10,2019,Seton Hill University (Pa.)
Dustin Shoaf,2,10,0,8,2019,Seton Hill University (Pa.)
Cordell O'Brien,1,7,0,7,2019,Seton Hill University (Pa.)
Cordell O'Brien,1,50,0,50,2019,California University of Pennsylvania
Nick Altavilla,5,35,1,9,2019,California University of Pennsylvania
Jason Armstrong,2,21,1,14,2019,California University of Pennsylvania
Marcus Placke,2,15,0,10,2019,California University of Pennsylvania
Clay Waldron,2,14,0,8,2019,California University of Pennsylvania
Dustin Shoaf,1,10,0,10,2019,California University of Pennsylvania
Cortez Watson,1,9,0,9,2019,California University of Pennsylvania
Garrett Owens,2,7,0,4,2019,California University of Pennsylvania
Clay Waldron,6,182,1,80,2019,Gannon University
Garrett Owens,5,77,0,67,2019,Gannon University
Jason Armstrong,3,48,0,27,2019,Gannon University
Dustin Shoaf,2,16,0,15,2019,Gannon University
Nick Altavilla,2,12,1,14,2019,Gannon University
Cortez Watson,1,10,0,10,2019,Gannon University
Cordell O'Brien,1,10,0,10,2019,Gannon University
Marcus Placke,2,47,1,34,2019,Clarion University
Dustin Shoaf,3,40,0,24,2019,Clarion University
Jason Armstrong,3,32,1,14,2019,Clarion University
Garrett Owens,2,26,0,21,2019,Clarion University
Clay Waldron,1,0,0,0,2019,Clarion University
Dustin Shoaf,4,38,1,14,2019,Millersville University
Joe Carbone,3,34,0,27,2019,Millersville University
Nick Altavilla,3,21,0,12,2019,Millersville University
Clay Waldron,2,15,0,12,2019,Millersville University
Cortez Watson,2,11,0,8,2019,Millersville University
Marcus Placke,1,11,0,11,2019,Millersville University
Garrett Owens,1,9,0,9,2019,Millersville University
"Davison,Rylan",7,96,0,24,2021,Alderson Broaddus University
"Armstrong,Jason",5,55,0,21,2021,Alderson Broaddus University
"Barmore,Cameron",4,44,0,22,2021,Alderson Broaddus University
"Banas,Sean",3,21,1,11,2021,Alderson Broaddus University
"Tate,Trevon",1,19,0,19,2021,Alderson Broaddus University
"Hill,Justin",1,15,0,15,2021,Alderson Broaddus University
"Shoaf,Dustin",1,13,0,13,2021,Alderson Broaddus University
"Cooper,Diondre",1,8,0,8,2021,Alderson Broaddus University
"Fisher,Ryan",1,3,0,3,2021,Alderson Broaddus University
"Hill,Justin",3,29,0,14,2021,West Chester
"Barmore,Cameron",2,28,0,20,2021,West Chester
"Davison,Rylan",4,23,0,10,2021,West Chester
"Shoaf,Dustin",1,12,0,12,2021,West Chester
"Armstrong,Jason",3,10,1,11,2021,West Chester
"Burris,Makai",1,9,0,9,2021,West Chester
"Tate,Trevon",1,9,0,9,2021,West Chester
"Lowery,Michael",1,3,0,3,2021,West Chester
"Fisher,Ryan",0,0,0,0,2021,West Chester
Jason Armstrong,4,68,0,33,2021,East Stroudsburg
Cameron Barmore,3,55,1,27,2021,East Stroudsburg
Makai Burris,1,11,0,11,2021,East Stroudsburg
Trevon Tate,1,11,0,11,2021,East Stroudsburg
Ayron Rodriguez,3,10,0,10,2021,East Stroudsburg
Zack Helsley,1,3,0,3,2021,East Stroudsburg
Chawntez Moss,1,1,0,1,2021,East Stroudsburg
Dustin Shoaf,2,-4,0,0,2021,East Stroudsburg
"Barmore,Cameron",3,45,0,35,2021,Indiana University of Pennsylvania (Homecoming)
"Hill,Justin",3,44,0,24,2021,Indiana University of Pennsylvania (Homecoming)
"Armstrong,Jason",3,32,0,13,2021,Indiana University of Pennsylvania (Homecoming)
"Cooper,Diondre",3,26,0,13,2021,Indiana University of Pennsylvania (Homecoming)
"Burris,Makai",5,23,0,7,2021,Indiana University of Pennsylvania (Homecoming)
"Tate,Trevon",3,22,0,9,2021,Indiana University of Pennsylvania (Homecoming)
"Rodriguez,Ayron",3,16,1,17,2021,Indiana University of Pennsylvania (Homecoming)
"Alize,David",1,6,0,6,2021,Indiana University of Pennsylvania (Homecoming)
"Fisher,Ryan",1,5,0,5,2021,Indiana University of Pennsylvania (Homecoming)
"Shoaf,Dustin",1,2,0,2,2021,Indiana University of Pennsylvania (Homecoming)
"Yohman,Jacob",1,1,0,1,2021,Indiana University of Pennsylvania (Homecoming)
"Beattie,Griffin",0,0,0,0,2021,Indiana University of Pennsylvania (Homecoming)
Jason Armstrong,5,27,0,13,2021,California University of Pennsylvania
Zack Helsley,3,22,0,11,2021,California University of Pennsylvania
Cameron Barmore,2,21,0,16,2021,California University of Pennsylvania
Justin Hill Jr.,3,15,0,10,2021,California University of Pennsylvania
Dustin Shoaf,2,5,0,6,2021,California University of Pennsylvania
Diondre Cooper,1,5,0,5,2021,California University of Pennsylvania
Makai Burris,1,4,0,4,2021,California University of Pennsylvania
"Tate,Trevon",1,68,1,68,2021,Seton Hill University
"Hill,Justin",2,34,1,28,2021,Seton Hill University
"Carter,Joe",1,20,0,20,2021,Seton Hill University
"Barmore,Cameron",1,9,0,9,2021,Seton Hill University
"Moss,Chawntez",1,7,0,7,2021,Seton Hill University
"Cooper,Diondre",1,4,0,4,2021,Seton Hill University
"Davison,Rylan",2,3,0,2,2021,Seton Hill University
"Armstrong,Jason",0,0,0,0,2021,Seton Hill University
"Banas,Sean",0,0,0,0,2021,Seton Hill University
"Burris,Makai",0,0,0,0,2021,Seton Hill University
"Barmore,Cameron",6,106,1,26,2021,Edinboro University of Pennsylvania
"Armstrong,Jason",6,74,1,31,2021,Edinboro University of Pennsylvania
"Davison,Rylan",2,43,0,31,2021,Edinboro University of Pennsylvania
"Burris,Makai",2,40,1,30,2021,Edinboro University of Pennsylvania
"Hill,Justin",2,16,0,9,2021,Edinboro University of Pennsylvania
"Alize,David",2,15,0,12,2021,Edinboro University of Pennsylvania
"Yohman,Jacob",1,13,0,13,2021,Edinboro University of Pennsylvania
"Banas,Sean",1,3,0,3,2021,Edinboro University of Pennsylvania
"Shoaf,Dustin",0,0,0,0,2021,Edinboro University of Pennsylvania
"Cooper,Diondre",0,0,0,0,2021,Edinboro University of Pennsylvania
"Davison,Rylan",2,33,0,18,2021,Slippery Rock University
"Armstrong,Jason",6,32,1,11,2021,Slippery Rock University
"Barmore,Cameron",3,24,0,10,2021,Slippery Rock University
"Hill,Justin",2,18,0,12,2021,Slippery Rock University
"Shoaf,Dustin",1,3,0,3,2021,Slippery Rock University
"Alize,David",1,1,0,1,2021,Slippery Rock University
"Burris,Makai",0,0,0,0,2021,Slippery Rock University
"Yohman,Jacob",0,0,0,0,2021,Slippery Rock University
"Tate,Trevon",0,0,0,0,2021,Slippery Rock University
"Davison,Rylan",5,58,1,26,2021,Clarion University
"Armstrong,Jason",2,55,1,34,2021,Clarion University
"Tate,Trevon",3,27,0,14,2021,Clarion University
"Shoaf,Dustin",1,24,0,24,2021,Clarion University
"Barmore,Cameron",1,23,1,23,2021,Clarion University
"Burris,Makai",2,12,0,7,2021,Clarion University
"Hill,Justin",1,3,0,3,2021,Clarion University
"Cooper,Diondre",0,0,0,0,2021,Clarion University
Makai Burris,4,129,0,50,2021,Shippensburg University
Justin Hill Jr.,3,40,0,30,2021,Shippensburg University
Cameron Barmore,3,38,1,16,2021,Shippensburg University
Jason Armstrong,2,32,0,23,2021,Shippensburg University
Dustin Shoaf,1,12,0,12,2021,Shippensburg University
Rylan Davison,1,12,0,12,2021,Shippensburg University
David Alize,1,0,0,0,2021,Shippensburg University
Trevon Tate,2,46,1,35,2022,Alderson Broaddus University
Cameron Barmore,2,40,1,30,2022,Alderson Broaddus University
Diondre Cooper,3,31,0,12,2022,Alderson Broaddus University
Justin Hill Jr.,1,13,0,13,2022,Alderson Broaddus University
Team,1,9,0,9,2022,Alderson Broaddus University
Dustin Shoaf,1,8,0,8,2022,Alderson Broaddus University
David Alize,1,6,0,6,2022,Alderson Broaddus University
Jason Armstrong,1,5,0,5,2022,Alderson Broaddus University
"Hill,Justin",4,63,0,24,2022,Lock Haven University
"Kerbacher,Joe",2,29,0,20,2022,Lock Haven University
"Alize,David",4,27,0,16,2022,Lock Haven University
"Armstrong,Jason",3,27,0,14,2022,Lock Haven University
"Cooper,Diondre",1,25,0,25,2022,Lock Haven University
"Tate,Trevon",1,24,1,24,2022,Lock Haven University
"Burris,Makai",1,21,0,21,2022,Lock Haven University
"Mizgorski,Darin",0,0,0,0,2022,Lock Haven University
"Barmore,Cameron",1,-2,0,0,2022,Lock Haven University
"Shoaf,Dustin",1,-2,0,0,2022,Lock Haven University
"Barmore,Cameron",4,46,0,21,2022,Kutztown University
"Kerbacher,Joe",1,30,1,30,2022,Kutztown University
"Hill,Justin",2,14,1,8,2022,Kutztown University
"Cooper,Diondre",3,12,0,7,2022,Kutztown University
"Alize,David",3,10,0,9,2022,Kutztown University
"Yohman,Jacob",1,5,0,5,2022,Kutztown University
"Mizgorski,Darin",1,4,0,4,2022,Kutztown University
"Armstrong,Jason",0,0,0,0,2022,Kutztown University
"Rodriguez,Ayron",0,0,0,0,2022,Kutztown University
"Tate,Trevon",0,0,0,0,2022,Kutztown University
"Barmore,Cameron",3,72,0,47,2022,Indiana University of Pennsylvania
"Armstrong,Jason",3,40,1,35,2022,Indiana University of Pennsylvania
"Hill,Justin",2,31,0,17,2022,Indiana University of Pennsylvania
"Burris,Makai",2,22,0,15,2022,Indiana University of Pennsylvania
"Mizgorski,Darin",1,11,1,11,2022,Indiana University of Pennsylvania
"Alize,David",1,4,0,4,2022,Indiana University of Pennsylvania
"Cooper,Diondre",1,1,0,1,2022,Indiana University of Pennsylvania
"Butera,Jaylen",1,1,0,1,2022,Indiana University of Pennsylvania
"Kerbacher,Joe",0,0,0,0,2022,Indiana University of Pennsylvania
"Shoaf,Dustin",2,-4,0,0,2022,Indiana University of Pennsylvania
"Mizgorski,Darin",1,33,0,33,2022,Edinboro University of Pennsylvania
"Armstrong,Jason",5,32,0,9,2022,Edinboro University of Pennsylvania
"Tate,Trevon",3,26,0,14,2022,Edinboro University of Pennsylvania
"Cooper,Diondre",2,13,0,8,2022,Edinboro University of Pennsylvania
"Shoaf,Dustin",1,10,0,10,2022,Edinboro University of Pennsylvania
"Kerbacher,Joe",1,9,0,9,2022,Edinboro University of Pennsylvania
"Barmore,Cameron",0,0,0,0,2022,Edinboro University of Pennsylvania
"Hill,Justin",0,0,0,0,2022,Edinboro University of Pennsylvania
"Burris,Makai",0,0,0,0,2022,Edinboro University of Pennsylvania
Trevon Tate,5,95,0,48,2022,Slippery Rock University
Justin Hill Jr.,7,76,0,15,2022,Slippery Rock University
Makai Burris,3,41,0,30,2022,Slippery Rock University
Cameron Barmore,2,10,1,6,2022,Slippery Rock University
Darin Mizgorski,2,10,0,5,2022,Slippery Rock University
Jason Armstrong,1,9,0,9,2022,Slippery Rock University
Jaylen Butera,1,6,0,6,2022,Slippery Rock University
Diondre Cooper,1,2,0,2,2022,Slippery Rock University
Joe Kerbacher,1,-7,0,0,2022,Slippery Rock University
"Barmore,Cameron",5,94,2,45,2022,Clarion University
"Holl,Jacob",1,19,0,19,2022,Clarion University
"Tate,Trevon",2,17,0,9,2022,Clarion University
"Cooper,Diondre",1,8,0,8,2022,Clarion University
"Shoaf,Dustin",1,4,0,4,2022,Clarion University
"Alize,David",1,3,0,3,2022,Clarion University
"Mizgorski,Darin",0,0,0,0,2022,Clarion University
"Tate, Trevon",7,63,0,28,2022,Gannon University
"Kerbacher, Joe",2,46,2,40,2022,Gannon University
"Barmore, Camero",2,25,0,17,2022,Gannon University
"Butera, Jaylen",3,19,0,16,2022,Gannon University
"Mizgorski, Dari",1,8,0,8,2022,Gannon University
"Hill, Justin",1,6,0,6,2022,Gannon University
"Burris, Makai",1,6,0,6,2022,Gannon University
"Cerminara, Roma",1,4,0,4,2022,Gannon University
"Barmore,Cameron",5,117,2,59,2022,California University of Pennsylvania
"Tate,Trevon",5,106,1,49,2022,California University of Pennsylvania
"Kerbacher,Joe",3,12,0,11,2022,California University of Pennsylvania
"Hill,Justin",1,9,0,9,2022,California University of Pennsylvania
"Mizgorski,Darin",1,4,0,4,2022,California University of Pennsylvania
"Burris,Makai",0,0,0,0,2022,California University of Pennsylvania
"Butera,Jaylen",0,0,0,0,2022,California University of Pennsylvania
"Bishop,Elias",0,0,0,0,2022,California University of Pennsylvania
"Alize,David",1,-2,0,0,2022,California University of Pennsylvania
"Cooper,Diondre",1,-2,0,0,2022,California University of Pennsylvania
"Barmore, Camero",3,61,0,31,2022,Seton Hill University
"Hill, Justin",3,33,0,17,2022,Seton Hill University
"Mizgorski, Dari",3,23,0,17,2022,Seton Hill University
"Cooper, Diondre",3,18,0,11,2022,Seton Hill University
"Kerbacher, Joe",2,13,0,12,2022,Seton Hill University
"Tate, Trevon",3,12,0,11,2022,Seton Hill University
"Banas, Sean",1,2,0,2,2022,Seton Hill University
"Barmore,Cameron",7,120,0,36,2022,Bloomsburg University
"Kerbacher,Joe",3,24,0,13,2022,Bloomsburg University
"Alize,David",3,14,0,5,2022,Bloomsburg University
"Mizgorski,Darin",3,12,0,6,2022,Bloomsburg University
"Banas,Sean",1,6,0,6,2022,Bloomsburg University
"Hill,Justin",1,5,0,5,2022,Bloomsburg University
"Tate,Trevon",1,4,0,4,2022,Bloomsburg University
"Kerbacher,Joe",5,72,0,26,2023,Lock Haven University
"Barmore,Cameron",6,70,3,22,2023,Lock Haven University
"Shoaf,Dustin",2,38,0,24,2023,Lock Haven University
"Davison,Rylan",3,34,1,16,2023,Lock Haven University
"Butera,Jaylen",4,31,1,18,2023,Lock Haven University
"Tate,Trevon",2,29,0,20,2023,Lock Haven University
"Mizgorski,Darin",2,15,0,11,2023,Lock Haven University
"Alize,David",2,14,0,10,2023,Lock Haven University
"Black,Braydon",1,7,0,7,2023,Lock Haven University
"Urena,Austin",1,3,0,3,2023,Lock Haven University
"Urena,Austin",4,78,0,35,2023,Kutztown University
"Tate,Trevon",4,72,1,30,2023,Kutztown University
"Mechley,Ryan",3,55,0,22,2023,Kutztown University
"Davison,Rylan",4,23,0,9,2023,Kutztown University
"Kerbacher,Joe",1,13,0,13,2023,Kutztown University
"Alize,David",4,11,0,10,2023,Kutztown University
"Barmore,Cameron",1,11,0,11,2023,Kutztown University
"Pytlak,Russell",1,9,0,9,2023,Kutztown University
"Mizgorski,Darin",1,5,1,5,2023,Kutztown University
"Shoaf,Dustin",1,2,0,2,2023,Kutztown University
"Rodriguez,Ayron",0,0,0,0,2023,Kutztown University
"Black,Braydon",0,0,0,0,2023,Kutztown University
"Butera,Jaylen",0,0,0,0,2023,Kutztown University
"Davison,Rylan",5,77,2,39,2023,RVIndiana University of Pennsylvania
"Tate,Trevon",3,23,0,18,2023,RVIndiana University of Pennsylvania
"Mizgorski,Darin",1,16,0,16,2023,RVIndiana University of Pennsylvania
"Kerbacher,Joe",2,15,0,8,2023,RVIndiana University of Pennsylvania
"Rodriguez,Ayron",2,14,0,9,2023,RVIndiana University of Pennsylvania
"Urena,Austin",1,6,0,6,2023,RVIndiana University of Pennsylvania
"Mechley,Ryan",1,5,0,5,2023,RVIndiana University of Pennsylvania
"Butera,Jaylen",0,0,0,0,2023,RVIndiana University of Pennsylvania
"Butera,Jaylen",5,89,0,66,2023,Edinboro University of Pennsylvania
"Kerbacher,Joe",5,68,0,22,2023,Edinboro University of Pennsylvania
"Davison,Rylan",5,62,1,28,2023,Edinboro University of Pennsylvania
"Barmore,Cameron",4,51,0,26,2023,Edinboro University of Pennsylvania
"Mizgorski,Darin",3,26,0,18,2023,Edinboro University of Pennsylvania
"Urena,Austin",1,12,1,12,2023,Edinboro University of Pennsylvania
"Black,Braydon",1,9,0,9,2023,Edinboro University of Pennsylvania
"Kerbacher,Joe",7,103,0,26,2023,#10Slippery Rock University
"Butera,Jaylen",5,43,0,18,2023,#10Slippery Rock University
"Black,Braydon",5,27,1,9,2023,#10Slippery Rock University
"Mechley,Ryan",1,20,0,20,2023,#10Slippery Rock University
"Urena,Austin",1,3,0,3,2023,#10Slippery Rock University
"Mizgorski,Darin",1,2,0,2,2023,#10Slippery Rock University
"Barmore,Cameron",0,0,0,0,2023,#10Slippery Rock University
"Banas,Sean",0,0,0,0,2023,#10Slippery Rock University
"Pappas,Mike",1,-1,0,0,2023,#10Slippery Rock University
"Black,Braydon",3,63,0,33,2023,Clarion University
"Urena,Austin",5,63,1,29,2023,Clarion University
"Mizgorski,Darin",4,47,0,26,2023,Clarion University
"Kerbacher,Joe",3,20,1,10,2023,Clarion University
"Banas,Sean",1,6,1,6,2023,Clarion University
"Butera,Jaylen",2,0,0,2,2023,Clarion University
"Kerbacher,Joe",4,91,1,57,2023,Gannon University
"Black,Braydon",4,61,1,43,2023,Gannon University
"Urena,Austin",5,49,0,15,2023,Gannon University
"Shoaf,Dustin",1,24,1,24,2023,Gannon University
"Mizgorski,Darin",3,21,0,10,2023,Gannon University
"Rodriguez,Ayron",1,-4,0,0,2023,Gannon University
"Kerbacher, Joe",8,116,2,39,2023,California University of Pennsylvania
"Urena, Austin",3,31,0,16,2023,California University of Pennsylvania
"Beattie, Griffi",1,12,0,12,2023,California University of Pennsylvania
"Banas, Sean",1,11,0,11,2023,California University of Pennsylvania
"Black, Braydon",1,4,0,4,2023,California University of Pennsylvania
"Miller, Ryan",1,3,0,3,2023,California University of Pennsylvania
"Mizgorski,Darin",7,71,0,29,2023,Seton Hill University
"Kerbacher,Joe",3,39,0,21,2023,Seton Hill University
"Urena,Austin",5,36,0,22,2023,Seton Hill University
"Black,Braydon",2,31,0,21,2023,Seton Hill University
"Davis,Chaz",3,55,0,28,2024,Howard University
"Kerbacher,Joe",7,53,0,31,2024,Howard University
"Davison,Rylan",4,41,1,15,2024,Howard University
"Barmore,Cameron",2,35,2,22,2024,Howard University
"Pytlak,Russell",3,31,0,12,2024,Howard University
"Vazquez,Alejandro",1,10,0,10,2024,Howard University
"Davis,Earnest",2,6,0,7,2024,Howard University
"Rodriguez,Ayron",1,2,0,2,2024,Howard University
"Urena,Austin",0,0,0,0,2024,Howard University
"Barmore,Cameron",9,98,2,25,2024,Robert Morris University
"Davis,Earnest",4,38,0,24,2024,Robert Morris University
"Davison,Rylan",2,27,0,16,2024,Robert Morris University
"Urena,Austin",2,11,0,6,2024,Robert Morris University
"Kerbacher,Joe",3,10,0,5,2024,Robert Morris University
"Wright-Rawls,Taylor",1,8,0,8,2024,Robert Morris University
"Davis,Chaz",2,8,0,8,2024,Robert Morris University
"Trobel,Brian",1,6,0,6,2024,Robert Morris University
"Melendez,Colin",1,4,0,4,2024,Robert Morris University
"Black,Braydon",0,0,0,0,2024,Robert Morris University
"Rodriguez,Ayron",2,-6,0,2,2024,Robert Morris University
"Barmore,Cameron",7,95,0,26,2024,Montana State University
"Davis,Chaz",5,31,0,11,2024,Montana State University
"Pappas,Mike",2,23,0,16,2024,Montana State University
"Wright-Rawls,Taylor",2,22,0,15,2024,Montana State University
"Kerbacher,Joe",6,20,1,6,2024,Montana State University
"Rodriguez,Ayron",1,11,0,11,2024,Montana State University
"Vazquez,Alejandro",2,11,0,10,2024,Montana State University
"Melendez,Colin",1,5,0,5,2024,Montana State University
"Burchard,Sam",1,1,0,1,2024,Montana State University
"Davison,Rylan",0,0,0,0,2024,Montana State University
"Black,Braydon",0,0,0,0,2024,Montana State University
"Trobel,Brian",1,-6,0,0,2024,Montana State University
"Davis,Chaz",3,67,0,29,2024,Frostburg State University
"Trobel,Brian",1,35,1,35,2024,Frostburg State University
"Kerbacher,Joe",4,34,0,20,2024,Frostburg State University
"Barmore,Cameron",4,28,0,15,2024,Frostburg State University
"Davison,Rylan",1,28,0,28,2024,Frostburg State University
"Urena,Austin",2,17,0,13,2024,Frostburg State University
"Rodriguez,Ayron",1,10,1,10,2024,Frostburg State University
"Melendez,Colin",1,6,0,6,2024,Frostburg State University
"Black,Braydon",1,2,0,2,2024,Frostburg State University
"Vazquez,Alejandro",0,0,0,0,2024,Frostburg State University
"Urena,Austin",5,77,1,41,2024,Buffalo State
"Black,Braydon",4,66,2,42,2024,Buffalo State
"Davis,Chaz",5,61,1,23,2024,Buffalo State
"Barmore,Cameron",3,52,2,19,2024,Buffalo State
"Davison,Rylan",3,50,1,39,2024,Buffalo State
"Lattimore,Amare",2,21,0,17,2024,Buffalo State
"Rodriguez,Ayron",3,21,0,8,2024,Buffalo State
"Pytlak,Russell",2,12,0,9,2024,Buffalo State
"Vazquez,Alejandro",1,3,0,3,2024,Buffalo State
"Melendez,Colin",0,0,0,0,2024,Buffalo State
"Barmore,Cameron",9,96,0,21,2024,Sacred Heart University
"Davis,Chaz",5,34,0,19,2024,Sacred Heart University
"Urena,Austin",3,29,1,12,2024,Sacred Heart University
"Davison,Rylan",3,25,0,12,2024,Sacred Heart University
"Rodriguez,Ayron",2,16,1,9,2024,Sacred Heart University
"Pytlak,Russell",2,15,0,9,2024,Sacred Heart University
"Melendez,Colin",1,14,0,14,2024,Sacred Heart University
"Trobel,Brian",0,0,0,0,2024,Sacred Heart University
"Hill,Jaiden",0,0,0,0,2024,Sacred Heart University
"Vazquez,Alejandro",0,0,0,0,2024,Sacred Heart University
"Lattimore,Amare",0,0,0,0,2024,Sacred Heart University
"Davison,Rylan",14,152,2,30,2024,Duquesne University
"Barmore,Cameron",8,86,1,20,2024,Duquesne University
"Urena,Austin",7,46,0,15,2024,Duquesne University
"Pytlak,Russell",4,32,0,18,2024,Duquesne University
"Askew,Jordan",2,23,0,15,2024,Duquesne University
"Rodriguez,Ayron",1,4,0,4,2024,Duquesne University
"Pappas,Mike",2,2,0,4,2024,Duquesne University
"Black,Braydon",0,0,0,0,2024,Duquesne University
"Barmore,Cameron",5,87,2,28,2024,Lincoln University
"Davison,Rylan",2,66,1,61,2024,Lincoln University
"Urena,Austin",1,29,1,29,2024,Lincoln University
"Kerbacher,Joe",3,27,1,14,2024,Lincoln University
"Pappas,Mike",2,11,2,8,2024,Lincoln University
"Askew,Jordan",1,10,0,10,2024,Lincoln University
"Black,Braydon",1,9,0,9,2024,Lincoln University
"Trobel,Brian",1,5,0,5,2024,Lincoln University
"Davis,Chaz",1,4,0,4,2024,Lincoln University
"Pytlak,Russell",1,0,0,0,2024,Lincoln University
"Bernadino,Maddox",0,0,0,0,2024,Lincoln University
"Lattimore,Amare",0,0,0,0,2024,Lincoln University
"Barmore,Cameron",8,129,2,46,2024,Saint Francis University
"Kerbacher,Joe",5,48,0,22,2024,Saint Francis University
"Davison,Rylan",4,28,0,11,2024,Saint Francis University
"Davis,Earnest",1,20,0,20,2024,Saint Francis University
"Davis,Chaz",3,15,0,8,2024,Saint Francis University
"Pytlak,Russell",0,0,0,0,2024,Saint Francis University
"Trobel,Brian",0,0,0,0,2024,Saint Francis University
"Pappas,Mike",0,0,0,0,2024,Saint Francis University
"Evans,Dylan",7,95,1,22,2025,RVYoungstown State
"Davison,Rylan",5,70,0,22,2025,RVYoungstown State
"Van Dyke,Evan",6,44,1,24,2025,RVYoungstown State
"Kerbacher,Joe",4,38,0,16,2025,RVYoungstown State
"Melendez,Colin",2,29,0,27,2025,RVYoungstown State
"Gamble,Jameir",4,18,0,12,2025,RVYoungstown State
"Rodriguez,Ayron",2,12,0,6,2025,RVYoungstown State
"Trobel,Brian",1,4,0,4,2025,RVYoungstown State
"Vazquez,Alejandro",1,1,0,1,2025,RVYoungstown State
"Black,Braydon",0,0,0,0,2025,RVYoungstown State
"Evans,Dylan",7,157,0,35,2025,New Haven
"Vazquez,Alejandro",2,54,0,29,2025,New Haven
"Davison,Rylan",3,42,1,18,2025,New Haven
"Woods,Jason",5,40,0,20,2025,New Haven
"Van Dyke,Evan",2,24,0,15,2025,New Haven
"Black,Braydon",2,22,0,11,2025,New Haven
"Ferguson,Shakile",1,22,0,22,2025,New Haven
"Gamble,Jameir",1,14,0,14,2025,New Haven
"Lewis,Camden",1,3,0,3,2025,New Haven
"Wilson,Ashton",1,1,1,1,2025,New Haven
"Urena,Adam",0,0,0,0,2025,New Haven
"Shields,Chandler",1,0,0,0,2025,New Haven
"Kerbacher,Joe",4,61,0,22,2025,#21Sacramento State
"Davison,Rylan",5,58,1,16,2025,#21Sacramento State
"Evans,Dylan",5,41,1,24,2025,#21Sacramento State
"Wilson,Ashton",3,38,0,14,2025,#21Sacramento State
"Rodriguez,Ayron",4,32,0,20,2025,#21Sacramento State
"Trobel,Brian",2,27,0,23,2025,#21Sacramento State
"Black,Braydon",2,23,0,14,2025,#21Sacramento State
"Melendez,Colin",1,2,0,2,2025,#21Sacramento State
"Vazquez,Alejandro",0,0,0,0,2025,#21Sacramento State
"Mora,Sean",0,0,0,0,2025,#21Sacramento State
"Van Dyke,Evan",1,-2,0,0,2025,#21Sacramento State
"Davison,Rylan",7,84,0,37,2025,#4/5Montana State
"Evans,Dylan",5,36,0,10,2025,#4/5Montana State
"Kerbacher,Joe",4,35,0,14,2025,#4/5Montana State
"Wilson,Ashton",2,19,0,13,2025,#4/5Montana State
"Rodriguez,Ayron",1,8,0,8,2025,#4/5Montana State
"Van Dyke,Evan",2,8,0,8,2025,#4/5Montana State
"Davis,Chaz",1,6,0,6,2025,#4/5Montana State
"Trobel,Brian",1,5,0,5,2025,#4/5Montana State
"Gamble,Jameir",1,4,0,4,2025,#4/5Montana State
"Black,Braydon",0,0,0,0,2025,#4/5Montana State
"Van Dyke,Evan",5,62,1,22,2025,#2South Dakota State
"Evans,Dylan",3,25,0,14,2025,#2South Dakota State
"Black,Braydon",2,13,0,10,2025,#2South Dakota State
"Davison,Rylan",1,10,0,10,2025,#2South Dakota State
"Lewis,Camden",1,2,0,2,2025,#2South Dakota State
"Melendez,Colin",1,1,0,1,2025,#2South Dakota State
"Trobel,Brian",0,0,0,0,2025,#2South Dakota State
"Kerbacher,Joe",0,0,0,0,2025,#2South Dakota State
"Van Dyke,Evan",6,52,1,20,2025,LIU
"Davison,Rylan",2,32,0,16,2025,LIU
"Evans,Dylan",2,20,0,11,2025,LIU
"Wright-Rawls,Taylor",3,19,0,10,2025,LIU
"Kerbacher,Joe",2,17,0,14,2025,LIU
"Melendez,Colin",2,14,0,11,2025,LIU
"Wilson,Ashton",1,14,0,14,2025,LIU
"Lewis,Camden",2,13,0,11,2025,LIU
"Rodriguez,Ayron",2,6,0,8,2025,LIU
"Askew,Jonny",1,5,0,5,2025,LIU
"Black,Braydon",0,0,0,0,2025,LIU
"Woods,Jason",1,-1,0,0,2025,LIU
"Trobel,Brian",2,75,1,76,2025,Wagner
"Van Dyke,Evan",2,38,0,20,2025,Wagner
"Davison,Rylan",3,33,0,16,2025,Wagner
"Black,Braydon",3,24,0,10,2025,Wagner
"Wright-Rawls,Taylor",2,19,0,11,2025,Wagner
"Rodriguez,Ayron",1,2,0,2,2025,Wagner
"Kerbacher,Joe",0,0,0,0,2025,Wagner
"Wilson,Ashton",0,0,0,0,2025,Wagner
"Davison,Rylan",6,48,0,16,2025,Duquesne
"Van Dyke,Evan",3,20,0,10,2025,Duquesne
"Wright-Rawls,Taylor",1,14,0,14,2025,Duquesne
"Kerbacher,Joe",2,11,0,9,2025,Duquesne
"Wilson,Ashton",1,10,0,10,2025,Duquesne
"Rodriguez,Ayron",1,3,0,3,2025,Duquesne
"Melendez,Colin",0,0,0,0,2025,Duquesne
"Black,Braydon",0,0,0,0,2025,Duquesne
"Lewis,Camden",0,0,0,0,2025,Duquesne
"Evans,Dylan",0,0,0,0,2025,Duquesne
"Ferguson,Shakile",0,0,0,0,2025,Duquesne
"Van Dyke,Evan",6,72,0,20,2025,Stonehill
"Davison,Rylan",5,56,0,19,2025,Stonehill
"Wright-Rawls,Taylor",2,29,0,22,2025,Stonehill
"Black,Braydon",2,29,0,22,2025,Stonehill
"Rodriguez,Ayron",3,19,1,21,2025,Stonehill
"Woods,Jason",4,16,0,14,2025,Stonehill
"Kerbacher,Joe",3,14,1,6,2025,Stonehill
"Evans,Dylan",1,12,0,12,2025,Stonehill
"Melendez,Colin",1,7,0,7,2025,Stonehill
"Trobel,Brian",3,7,0,4,2025,Stonehill
"Evans,Dylan",9,138,1,53,2025,Saint Francis
"Kerbacher,Joe",3,41,0,39,2025,Saint Francis
"Davison,Rylan",3,36,0,13,2025,Saint Francis
"Van Dyke,Evan",2,25,0,21,2025,Saint Francis
"Wilson,Ashton",1,6,0,6,2025,Saint Francis
"Black,Braydon",0,0,0,0,2025,Saint Francis
"Shields,Chandler",1,-1,0,0,2025,Saint Francis
"Trobel,Brian",1,-4,0,0,2025,Saint Francis
"Melendez,Colin",2,-7,0,0,2025,Saint Francis
"Evans,Dylan",3,40,0,15,2025,Robert Morris
"Van Dyke,Evan",3,33,0,19,2025,Robert Morris
"Wright-Rawls,Taylor",1,27,0,27,2025,Robert Morris
"Black,Braydon",2,26,0,16,2025,Robert Morris
"Davison,Rylan",1,19,0,19,2025,Robert Morris
"Lewis,Camden",2,19,1,12,2025,Robert Morris
"Kerbacher,Joe",2,16,0,14,2025,Robert Morris
"Melendez,Colin",1,12,0,12,2025,Robert Morris
"Trobel,Brian",1,7,0,7,2025,Robert Morris
"Rodriguez,Ayron",1,4,0,4,2025,Robert Morris
"Wilson,Ashton",2,3,0,2,2025,Robert Morris
"Davison,Rylan",5,94,0,31,2025,Central Connecticut State
"Wright-Rawls,Taylor",4,43,1,16,2025,Central Connecticut State
"Van Dyke,Evan",3,19,0,9,2025,Central Connecticut State
"Trobel,Brian",1,12,0,12,2025,Central Connecticut State
"Lewis,Camden",2,9,0,9,2025,Central Connecticut State
"Evans,Dylan",1,7,0,7,2025,Central Connecticut State
"Melendez,Colin",1,4,0,4,2025,Central Connecticut State
"Rodriguez,Ayron",0,0,0,0,2025,Central Connecticut State
"Kerbacher,Joe",0,0,0,0,2025,Central Connecticut State
"Black,Braydon",0,0,0,0,2025,Central Connecticut State
"Wilson,Ashton",0,0,0,0,2025,Central Connecticut State
