player,attempts,rush_net,rush_tds,long_rush,year,opponent
Allen Jones II,9,57,1,17,2012,Notre Dame College (Ohio)
B. Brown-Dukes,7,39,0,29,2012,Notre Dame College (Ohio)
A. Vendemia,14,23,0,24,2012,Notre Dame College (Ohio)
B. Brown-Dukes,22,213,3,43,2012,Millersville University
Allen Jones II,17,132,1,29,2012,Millersville University
Milton Revell,5,39,1,16,2012,Millersville University
Chris Lyle,3,8,0,6,2012,Millersville University
Vladmir Rock,1,-2,0,0,2012,Millersville University
A. Vendemia,3,-11,0,6,2012,Millersville University
B. Brown-Dukes,20,157,1,65,2012,Clarion University
Allen Jones II,13,67,0,15,2012,Clarion University
A. Vendemia,6,20,0,9,2012,Clarion University
TEAM,3,-5,0,0,2012,Clarion University
B. Brown-Dukes,29,160,2,59,2012,Slippery Rock University
Allen Jones II,16,102,2,17,2012,Slippery Rock University
A. Vendemia,5,-2,0,9,2012,Slippery Rock University
S. Wakefield,2,-2,0,13,2012,Slippery Rock University
TEAM,2,-4,0,0,2012,Slippery Rock University
B. Brown-Dukes,21,99,3,17,2012,Cheyney University
Allen Jones II,7,62,0,19,2012,Cheyney University
Milton Revell,7,48,0,14,2012,Cheyney University
Chris Lyle,2,8,0,8,2012,Cheyney University
A. Vendemia,2,3,0,8,2012,Cheyney University
Paul Gallagher,1,1,0,1,2012,Cheyney University
Allen Jones II,24,111,1,13,2012,Lock Haven University
B. Brown-Dukes,18,39,0,9,2012,Lock Haven University
Devyn Woods,1,11,0,11,2012,Lock Haven University
A. Vendemia,4,9,0,7,2012,Lock Haven University
B. Brown-Dukes,30,192,1,37,2012,Gannon University
Allen Jones II,12,38,0,11,2012,Gannon University
Milton Revell,7,32,0,25,2012,Gannon University
John Matarazzo,1,9,0,9,2012,Gannon University
A. Vendemia,6,-2,2,2,2012,Gannon University
B. Brown-Dukes,30,134,1,56,2012,Indiana University of Pennsylvania
A. Vendemia,6,9,1,5,2012,Indiana University of Pennsylvania
Allen Jones II,2,2,0,2,2012,Indiana University of Pennsylvania
TEAM,1,-2,0,0,2012,Indiana University of Pennsylvania
B. Brown-Dukes,29,64,2,14,2012,Edinboro University
Chris Lyle,5,56,0,32,2012,Edinboro University
A. Vendemia,7,26,0,10,2012,Edinboro University
TEAM,2,-3,0,0,2012,Edinboro University
B. Brown-Dukes,21,124,2,39,2012,California University of Pennsylvania
Allen Jones II,11,37,1,7,2012,California University of Pennsylvania
Paul Gallagher,2,17,0,14,2012,California University of Pennsylvania
Devyn Woods,2,13,0,12,2012,California University of Pennsylvania
Chris Lyle,3,8,0,4,2012,California University of Pennsylvania
Alec Swartz,1,5,0,5,2012,California University of Pennsylvania
Milton Revell,4,3,0,2,2012,California University of Pennsylvania
A. Vendemia,4,2,0,10,2012,California University of Pennsylvania
B. Brown-Dukes,17,74,1,21,2012,East Stroudsburg University
Allen Jones II,7,58,1,46,2012,East Stroudsburg University
Leon Gallop,1,0,0,0,2012,East Stroudsburg University
TEAM,2,-3,0,0,2012,East Stroudsburg University
A. Vendemia,11,-30,1,16,2012,East Stroudsburg University
B. Brown-Dukes,16,77,1,24,2013,Bentley University
Allen Jones II,11,35,0,15,2013,Bentley University
Milton Revell,3,25,0,10,2013,Bentley University
A. Vendemia,6,20,0,6,2013,Bentley University
Drew Robinson,1,6,0,6,2013,Bentley University
B. Brown-Dukes,15,142,3,66,2013,Millersville University
Allen Jones II,6,38,1,16,2013,Millersville University
Milton Revell,7,30,0,8,2013,Millersville University
Chris Lyle,5,10,0,3,2013,Millersville University
Drew Robinson,2,4,0,3,2013,Millersville University
TEAM,1,-1,0,0,2013,Millersville University
Jordan Spangler,1,-3,0,0,2013,Millersville University
B. Brown-Dukes,11,140,1,77,2013,Clarion University
Allen Jones II,13,78,1,27,2013,Clarion University
Milton Revell,1,12,0,12,2013,Clarion University
Vladmir Rock,2,6,0,13,2013,Clarion University
TEAM,1,-6,0,0,2013,Clarion University
A. Vendemia,2,-11,0,0,2013,Clarion University
Brandon Brown-Dukes,23,119,0,36,2013,Slippery Rock University
Chris Lyle,4,48,1,43,2013,Slippery Rock University
Anthony Vendemia,3,12,1,11,2013,Slippery Rock University
Milton Revell,5,4,0,4,2013,Slippery Rock University
Drew Robinson,1,1,0,1,2013,Slippery Rock University
Alec Swartz,2,-18,0,0,2013,Slippery Rock University
TEAM,2,-20,0,0,2013,Slippery Rock University
Allen Jones II,13,161,1,55,2013,Cheyney University
Drew Robinson,9,51,1,19,2013,Cheyney University
Milton Revell,6,18,0,13,2013,Cheyney University
Jeff Groene,2,13,1,7,2013,Cheyney University
A. Vendemia,1,4,0,4,2013,Cheyney University
B. Brown-Dukes,8,4,0,6,2013,Cheyney University
Alec Swartz,1,1,1,1,2013,Cheyney University
B. Brown-Dukes,13,127,1,51,2013,Seton Hill University
Drew Robinson,6,88,1,45,2013,Seton Hill University
Allen Jones II,14,82,1,18,2013,Seton Hill University
T.J. Latimer,1,3,0,3,2013,Seton Hill University
Jeff Groene,1,2,0,2,2013,Seton Hill University
TEAM,2,-2,0,0,2013,Seton Hill University
Zach Emerick,1,-7,0,0,2013,Seton Hill University
Alec Swartz,3,-17,0,0,2013,Seton Hill University
B. Brown-Dukes,20,221,2,58,2013,Gannon University
Allen Jones II,23,128,1,39,2013,Gannon University
Richie Sanders,10,70,0,27,2013,Gannon University
TEAM,1,-1,0,0,2013,Gannon University
A. Vendemia,1,-11,0,0,2013,Gannon University
Allen Jones II,13,65,0,16,2013,Indiana University of Pennsylvania
B. Brown-Dukes,15,56,0,11,2013,Indiana University of Pennsylvania
Richie Sanders,5,40,0,28,2013,Indiana University of Pennsylvania
Alec Swartz,2,28,0,16,2013,Indiana University of Pennsylvania
A. Vendemia,5,21,0,13,2013,Indiana University of Pennsylvania
Dylan Bongiorni,1,-11,0,0,2013,Indiana University of Pennsylvania
Allen Jones II,21,148,0,41,2013,Edinboro University
B. Brown-Dukes,10,67,0,20,2013,Edinboro University
Richie Sanders,12,50,1,11,2013,Edinboro University
Zach Emerick,1,5,0,5,2013,Edinboro University
TEAM,1,-1,0,0,2013,Edinboro University
A. Vendemia,1,-3,0,0,2013,Edinboro University
Allen Jones II,27,154,0,38,2013,California University of Pennsylvania
Richie Sanders,12,30,1,10,2013,California University of Pennsylvania
Stephen Yarbrough,1,15,0,15,2013,California University of Pennsylvania
Jeff Groene,1,2,0,2,2013,California University of Pennsylvania
Anthony Vendemia,7,-2,1,7,2013,California University of Pennsylvania
Richie Sanders,9,121,1,74,2013,East Stroudsburg University
Allen Jones II,14,104,2,59,2013,East Stroudsburg University
B. Brown-Dukes,13,55,0,13,2013,East Stroudsburg University
TEAM,2,-3,0,0,2013,East Stroudsburg University
A. Vendemia,6,-8,0,8,2013,East Stroudsburg University
Brandon Brown-Dukes,15,58,1,11,2014,Bentley University
Drew Robinson,2,0,0,2,2014,Bentley University
TEAM,1,-1,0,0,2014,Bentley University
Jaquan Williams,1,-5,0,0,2014,Bentley University
Zach Emerick,7,-8,1,6,2014,Bentley University
Brandon Brown-Dukes,15,39,0,8,2014,West Chester University of Pennsylvania
Brendan Boylan,1,7,0,7,2014,West Chester University of Pennsylvania
Alex Misterman,3,3,0,4,2014,West Chester University of Pennsylvania
Zach Emerick,3,-6,0,1,2014,West Chester University of Pennsylvania
B. Brown-Dukes,23,102,0,11,2014,Bloomsburg University
Brendan Boylan,11,35,0,8,2014,Bloomsburg University
Alex Misterman,4,10,0,5,2014,Bloomsburg University
Drew Robinson,1,5,0,5,2014,Bloomsburg University
TEAM,1,-1,0,0,2014,Bloomsburg University
Drew Robinson,5,30,0,9,2014,Indiana University of Pennsylvania
Brandon Brown-Dukes,14,21,0,9,2014,Indiana University of Pennsylvania
Alex Misterman,1,0,0,0,2014,Indiana University of Pennsylvania
Zach Emerick,5,-8,1,3,2014,Indiana University of Pennsylvania
Brendan Boylan,1,-9,0,0,2014,Indiana University of Pennsylvania
Drew Robinson,14,46,1,17,2014,Clarion University
Brandon Brown-Dukes,7,18,0,8,2014,Clarion University
Alex Misterman,4,4,0,2,2014,Clarion University
Brendan Boylan,4,-1,0,6,2014,Clarion University
TEAM,3,-4,0,0,2014,Clarion University
Brandon Brown-Dukes,28,133,2,47,2014,Gannon University
Jaquan Williams,1,20,0,20,2014,Gannon University
Drew Robinson,6,11,0,5,2014,Gannon University
R.J. Miller,1,7,0,7,2014,Gannon University
TEAM,3,-4,0,0,2014,Gannon University
Brendan Boylan,3,-5,0,0,2014,Gannon University
Brandon Brown-Dukes,25,100,0,13,2014,Slippery Rock University
Brendan Boylan,6,27,0,9,2014,Slippery Rock University
Jaquan Williams,1,22,1,22,2014,Slippery Rock University
Drew Robinson,5,-4,0,2,2014,Slippery Rock University
Brandon Brown-Dukes,21,90,0,23,2014,Edinboro University of Pennsylvania
Drew Robinson,5,25,0,10,2014,Edinboro University of Pennsylvania
TEAM,2,-1,0,0,2014,Edinboro University of Pennsylvania
Brendan Boylan,4,-8,2,1,2014,Edinboro University of Pennsylvania
Brandon Brown-Dukes,22,158,2,63,2014,Seton Hill University
Brendan Boylan,4,68,0,25,2014,Seton Hill University
Drew Robinson,3,33,0,25,2014,Seton Hill University
TEAM,3,-5,0,0,2014,Seton Hill University
Jaquan Williams,2,-7,0,5,2014,Seton Hill University
Brandon Brown-Dukes,16,55,0,15,2014,California University of Pennsylvania
Brendan Boylan,6,19,1,23,2014,California University of Pennsylvania
Alex Misterman,5,11,1,5,2014,California University of Pennsylvania
Drew Robinson,4,8,0,4,2014,California University of Pennsylvania
Donny Holl,1,5,0,5,2014,California University of Pennsylvania
TEAM,1,-2,0,0,2014,California University of Pennsylvania
Drew Robinson,14,38,0,12,2014,Shippensburg University
Brendan Boylan,6,20,0,5,2014,Shippensburg University
T.J. Latimer,2,5,0,4,2014,Shippensburg University
Alex Misterman,2,2,0,2,2014,Shippensburg University
TEAM,1,-1,0,0,2014,Shippensburg University
Brandon Brown-Dukes,11,87,1,44,2015,Bentley University
Richie Sanders,5,23,0,14,2015,Bentley University
Drew Robinson,3,12,0,7,2015,Bentley University
Brendan Boylan,3,4,0,3,2015,Bentley University
Jaquan Williams,2,4,0,4,2015,Bentley University
TEAM,2,-2,0,0,2015,Bentley University
Brandon Brown-Dukes,21,112,1,35,2015,West Chester University of Pennsylvania
Richie Sanders,7,28,0,14,2015,West Chester University of Pennsylvania
Drew Robinson,2,2,0,6,2015,West Chester University of Pennsylvania
Brendan Boylan,7,-20,1,8,2015,West Chester University of Pennsylvania
Brandon Brown-Dukes,13,43,0,16,2015,Bloomsburg University
Richie Sanders,4,19,0,12,2015,Bloomsburg University
Drew Robinson,1,9,0,9,2015,Bloomsburg University
Jaquan Williams,1,2,0,2,2015,Bloomsburg University
Brendan Boylan,4,1,0,5,2015,Bloomsburg University
TEAM,2,-4,0,0,2015,Bloomsburg University
B. Brown-Dukes,10,8,0,6,2015,Indiana University of Pennsylvania
Drew Robinson,1,3,0,3,2015,Indiana University of Pennsylvania
Richie Sanders,1,0,0,0,2015,Indiana University of Pennsylvania
Brendan Boylan,2,-5,0,3,2015,Indiana University of Pennsylvania
Brandon Brown-Dukes,12,100,0,43,2015,Clarion University
Richie Sanders,9,41,0,10,2015,Clarion University
Zach Emerick,4,3,0,5,2015,Clarion University
Jaquan Williams,1,-11,0,0,2015,Clarion University
Brad Novak,1,-13,0,0,2015,Clarion University
Brendan Boylan,3,-17,0,0,2015,Clarion University
Brandon Brown-Dukes,22,90,1,19,2015,Gannon University
Richie Sanders,2,21,0,17,2015,Gannon University
Zach Emerick,6,-7,1,10,2015,Gannon University
Richie Sanders,3,21,0,20,2015,Slippery Rock University
Zach Emerick,3,-16,0,0,2015,Slippery Rock University
Brandon Brown-Dukes,9,-16,0,1,2015,Slippery Rock University
Richie Sanders,20,170,2,75,2015,Edinboro University of Pennsylvania
Drew Robinson,8,60,1,25,2015,Edinboro University of Pennsylvania
B. Brown-Dukes,12,48,0,38,2015,Edinboro University of Pennsylvania
TEAM,2,-3,0,0,2015,Edinboro University of Pennsylvania
Zach Emerick,8,-24,1,5,2015,Edinboro University of Pennsylvania
Brandon Brown-Dukes,10,64,1,21,2015,Seton Hill University
Drew Robinson,13,60,0,18,2015,Seton Hill University
Richie Sanders,11,50,0,10,2015,Seton Hill University
Logan Weaver,1,13,0,13,2015,Seton Hill University
Zach Emerick,1,3,0,3,2015,Seton Hill University
Dylan Kondis,1,-1,0,0,2015,Seton Hill University
Brandon Brown-Dukes,28,116,0,21,2015,California University of Pennsylvania
Richie Sanders,6,50,0,34,2015,California University of Pennsylvania
Logan Weaver,2,22,0,12,2015,California University of Pennsylvania
Drew Robinson,1,4,1,4,2015,California University of Pennsylvania
Dylan Bongiorni,1,2,0,2,2015,California University of Pennsylvania
Zach Emerick,6,0,0,7,2015,California University of Pennsylvania
TEAM,1,-5,0,0,2015,California University of Pennsylvania
Brandon Brown-Dukes,17,74,1,20,2015,Shippensburg University
Richie Sanders,8,44,0,24,2015,Shippensburg University
Dylan Bongiorni,1,10,0,10,2015,Shippensburg University
Jaquan Williams,1,7,0,7,2015,Shippensburg University
TEAM,2,-2,0,0,2015,Shippensburg University
Logan Weaver,5,-29,1,1,2015,Shippensburg University
E'Andre Smith,10,21,0,9,2016,Ashland University
Drew Robinson,7,10,0,4,2016,Ashland University
Richie Sanders,4,2,0,2,2016,Ashland University
Doug Altavilla,7,-26,0,5,2016,Ashland University
Drew Robinson,7,59,0,47,2016,Kutztown University
Richie Sanders,10,29,0,12,2016,Kutztown University
E'Andre Smith,4,18,0,13,2016,Kutztown University
Doug Altavilla,11,-22,1,10,2016,Kutztown University
TEAM,4,-22,0,0,2016,Kutztown University
Richie Sanders,12,72,0,20,2016,East Stroudsburg University
Drew Robinson,6,26,1,7,2016,East Stroudsburg University
Brad Novak,1,20,0,20,2016,East Stroudsburg University
Doug Altavilla,7,1,0,7,2016,East Stroudsburg University
E'Andre Smith,5,-1,0,3,2016,East Stroudsburg University
TEAM,1,-7,0,0,2016,East Stroudsburg University
Drew Robinson,15,96,0,24,2016,Clarion University
Richie Sanders,12,54,1,16,2016,Clarion University
E'Andre Smith,6,45,0,15,2016,Clarion University
Doug Altavilla,12,16,1,9,2016,Clarion University
Brad Novak,1,1,0,1,2016,Clarion University
Richie Sanders,22,125,2,46,2016,Gannon University
Drew Robinson,5,20,0,8,2016,Gannon University
E'Andre Smith,1,2,0,2,2016,Gannon University
Pierce Bauer,1,-1,0,0,2016,Gannon University
Doug Altavilla,4,-7,0,6,2016,Gannon University
Richie Sanders,19,84,0,35,2016,Slippery Rock University
Drew Robinson,6,39,0,23,2016,Slippery Rock University
E'Andre Smith,2,5,0,4,2016,Slippery Rock University
Doug Altavilla,5,-16,0,2,2016,Slippery Rock University
Richie Sanders,17,119,1,51,2016,Edinboro University of Pennsylvania
Drew Robinson,2,4,0,3,2016,Edinboro University of Pennsylvania
E'Andre Smith,2,0,0,1,2016,Edinboro University of Pennsylvania
Ram Finnegan,3,-4,0,6,2016,Edinboro University of Pennsylvania
Logan Weaver,3,-6,0,9,2016,Edinboro University of Pennsylvania
Doug Altavilla,5,-17,0,2,2016,Edinboro University of Pennsylvania
Richie Sanders,17,86,0,29,2016,Seton Hill University
Drew Robinson,6,22,0,7,2016,Seton Hill University
Doug Altavilla,7,-36,1,1,2016,Seton Hill University
Drew Robinson,3,21,0,19,2016,California University of Pennsylvania
Richie Sanders,8,13,1,6,2016,California University of Pennsylvania
Doug Altavilla,7,-43,0,0,2016,California University of Pennsylvania
Richie Sanders,25,135,0,17,2016,Indiana University of Pennsylvania
Drew Robinson,10,10,0,5,2016,Indiana University of Pennsylvania
Doug Altavilla,5,4,1,6,2016,Indiana University of Pennsylvania
Richie Sanders,19,83,3,22,2016,Lock Haven University
Drew Robinson,9,59,1,34,2016,Lock Haven University
E'Andre Smith,2,58,0,45,2016,Lock Haven University
Brad Novak,1,18,0,18,2016,Lock Haven University
Doug Altavilla,4,14,0,9,2016,Lock Haven University
TEAM,1,-2,0,0,2016,Lock Haven University
E'Andre Smith,13,80,0,48,2017,Hillsdale College
Garrett Owens,8,25,0,13,2017,Hillsdale College
Doug Altavilla,4,-9,0,8,2017,Hillsdale College
E'Andre Smith,21,85,0,18,2017,Kutztown University
Garrett Owens,4,30,0,15,2017,Kutztown University
Doug Altavilla,5,-11,1,4,2017,Kutztown University
Garrett Owens,16,133,2,53,2017,East Stroudsburg University
E'Andre Smith,13,60,1,20,2017,East Stroudsburg University
C. Thompson,1,3,0,3,2017,East Stroudsburg University
TEAM,3,-10,0,0,2017,East Stroudsburg University
Doug Altavilla,7,-12,0,2,2017,East Stroudsburg University
Garrett Owens,5,76,1,70,2017,Clarion University
E'Andre Smith,15,28,0,6,2017,Clarion University
Doug Altavilla,2,-5,0,3,2017,Clarion University
TEAM,3,-7,0,0,2017,Clarion University
Garrett Owens,20,89,1,42,2017,Gannon University
Doug Altavilla,7,3,1,12,2017,Gannon University
C. Thompson,1,3,0,3,2017,Gannon University
TEAM,3,-3,0,0,2017,Gannon University
Brad Novak,1,-10,0,0,2017,Gannon University
Garrett Owens,18,61,1,17,2017,Slippery Rock University
Grayson Taylor,5,6,0,3,2017,Slippery Rock University
Doug Altavilla,5,2,1,2,2017,Slippery Rock University
Clay Waldron,1,0,0,0,2017,Slippery Rock University
TEAM,1,-3,0,0,2017,Slippery Rock University
Grayson Taylor,20,94,2,28,2017,Edinboro University of Pennsylvania
C. Thompson,7,20,0,9,2017,Edinboro University of Pennsylvania
Ram Finnegan,1,2,0,2,2017,Edinboro University of Pennsylvania
Doug Altavilla,4,-3,0,19,2017,Edinboro University of Pennsylvania
E'Andre Smith,20,200,1,73,2017,Seton Hill University
Garrett Owens,11,68,0,32,2017,Seton Hill University
Grayson Taylor,3,15,0,7,2017,Seton Hill University
Doug Altavilla,3,11,0,9,2017,Seton Hill University
TEAM,2,-2,0,0,2017,Seton Hill University
Garrett Owens,15,28,2,16,2017,California University of Pennsylvania
E'Andre Smith,7,20,0,6,2017,California University of Pennsylvania
Grayson Taylor,1,9,0,9,2017,California University of Pennsylvania
Austin Hence,1,-1,0,0,2017,California University of Pennsylvania
Doug Altavilla,1,-9,0,0,2017,California University of Pennsylvania
Garrett Owens,16,48,0,17,2017,Indiana University of Pennsylvania
C. Thompson,5,19,0,10,2017,Indiana University of Pennsylvania
Ram Finnegan,2,-6,0,8,2017,Indiana University of Pennsylvania
Doug Altavilla,4,-15,0,2,2017,Indiana University of Pennsylvania
Garrett Owens,27,204,1,83,2017,Lock Haven University
C. Thompson,12,43,0,13,2017,Lock Haven University
Doug Altavilla,4,0,0,8,2017,Lock Haven University
Fredrick Green,13,62,0,11,2018,Hillsdale College
Garrett Owens,12,56,0,11,2018,Hillsdale College
Doug Altavilla,3,6,0,8,2018,Hillsdale College
Cortez Watson,2,5,0,6,2018,Hillsdale College
Clay Waldron,1,2,0,2,2018,Hillsdale College
Garrett Owens,17,111,1,63,2018,Tiffin University (Ohio)
Fredrick Green,9,17,0,4,2018,Tiffin University (Ohio)
Cortez Watson,2,9,0,5,2018,Tiffin University (Ohio)
Garrett Owens,15,87,0,41,2018,Bloomsburg University
Cortez Watson,4,16,0,11,2018,Bloomsburg University
Fredrick Green,1,3,0,3,2018,Bloomsburg University
TEAM,1,-2,0,0,2018,Bloomsburg University
Doug Altavilla,6,-5,1,1,2018,Bloomsburg University
Garrett Owens,14,90,0,41,2018,Indiana University of Pennsylvania
Fredrick Green,10,23,0,5,2018,Indiana University of Pennsylvania
Cortez Watson,4,2,0,4,2018,Indiana University of Pennsylvania
Doug Altavilla,6,-23,1,1,2018,Indiana University of Pennsylvania
Garrett Owens,16,82,1,70,2018,Slippery Rock University
Diondre Cooper,4,9,1,6,2018,Slippery Rock University
Fredrick Green,2,4,0,3,2018,Slippery Rock University
Doug Altavilla,8,3,0,13,2018,Slippery Rock University
TEAM,1,-2,0,0,2018,Slippery Rock University
Garrett Owens,30,148,1,24,2018,Edinboro University of Pennsylvania
Doug Altavilla,11,46,0,16,2018,Edinboro University of Pennsylvania
Clay Waldron,1,12,0,12,2018,Edinboro University of Pennsylvania
TEAM,1,-1,0,0,2018,Edinboro University of Pennsylvania
Fredrick Green,4,-6,0,2,2018,Edinboro University of Pennsylvania
Fredrick Green,18,90,1,15,2018,Seton Hill University
Garrett Owens,7,41,0,10,2018,Seton Hill University
Clay Waldron,2,33,0,20,2018,Seton Hill University
Cortez Watson,7,23,0,8,2018,Seton Hill University
Doug Altavilla,4,6,0,5,2018,Seton Hill University
TEAM,1,-25,0,0,2018,Seton Hill University
Fredrick Green,16,77,0,14,2018,California University of Pennsylvania
Cortez Watson,3,20,0,10,2018,California University of Pennsylvania
Doug Altavilla,7,-1,0,8,2018,California University of Pennsylvania
Garrett Owens,21,268,3,74,2018,Gannon University
Fredrick Green,11,92,1,37,2018,Gannon University
Clay Waldron,1,10,0,10,2018,Gannon University
Doug Altavilla,5,10,0,10,2018,Gannon University
TEAM,2,-4,0,0,2018,Gannon University
Garrett Owens,21,112,1,12,2018,Clarion University
Fredrick Green,21,60,0,16,2018,Clarion University
T. Blackston,1,14,0,14,2018,Clarion University
Clay Waldron,1,5,0,5,2018,Clarion University
Doug Altavilla,5,3,0,4,2018,Clarion University
TEAM,4,-8,0,0,2018,Clarion University
Fredrick Green,17,91,0,23,2018,Millersville University
Cortez Watson,14,39,1,6,2018,Millersville University
T. Blackston,5,16,0,4,2018,Millersville University
Doug Altavilla,10,9,1,6,2018,Millersville University
TEAM,1,-2,0,0,2018,Millersville University
Garrett Owens,30,117,2,17,2019,Lake Erie College
Doug Altavilla,7,41,0,16,2019,Lake Erie College
Clay Waldron,1,35,0,35,2019,Lake Erie College
Cortez Watson,4,14,0,9,2019,Lake Erie College
Dustin Shoaf,1,2,0,2,2019,Lake Erie College
Garrett Owens,14,26,0,17,2019,Shepherd University
Cortez Watson,1,4,0,4,2019,Shepherd University
Doug Altavilla,5,-2,1,3,2019,Shepherd University
TEAM,1,-2,0,0,2019,Shepherd University
Michael Lowery,1,-5,0,0,2019,Shepherd University
Garrett Owens,21,94,3,22,2019,Bloomsburg University
Cortez Watson,12,42,0,11,2019,Bloomsburg University
Doug Altavilla,3,-4,0,7,2019,Bloomsburg University
TEAM,3,-5,0,0,2019,Bloomsburg University
Garrett Owens,13,45,0,12,2019,Indiana University of Pennsylvania
Cortez Watson,5,11,0,11,2019,Indiana University of Pennsylvania
Michael Lowery,1,-6,0,0,2019,Indiana University of Pennsylvania
Doug Altavilla,4,-7,0,6,2019,Indiana University of Pennsylvania
Cortez Watson,2,5,0,4,2019,Slippery Rock University
DaQuan Isom,1,4,0,4,2019,Slippery Rock University
Dustin Shoaf,1,2,0,2,2019,Slippery Rock University
Garrett Owens,7,-7,0,2,2019,Slippery Rock University
Michael Lowery,6,-8,0,10,2019,Slippery Rock University
Doug Altavilla,1,-8,0,0,2019,Slippery Rock University
Garrett Owens,23,103,3,32,2019,Edinboro University of Pennsylvania
Cortez Watson,4,35,0,13,2019,Edinboro University of Pennsylvania
TEAM,1,-1,0,0,2019,Edinboro University of Pennsylvania
Brendan Cole,1,-6,0,0,2019,Edinboro University of Pennsylvania
Doug Altavilla,3,-12,0,5,2019,Edinboro University of Pennsylvania
Doug Altavilla,8,56,0,31,2019,Seton Hill University (Pa.)
Garrett Owens,17,55,2,12,2019,Seton Hill University (Pa.)
Dustin Shoaf,1,6,0,6,2019,Seton Hill University (Pa.)
Cortez Watson,5,2,0,4,2019,Seton Hill University (Pa.)
Michael Lowery,1,-1,0,0,2019,Seton Hill University (Pa.)
Garrett Owens,25,75,0,8,2019,California University of Pennsylvania
Doug Altavilla,3,19,0,14,2019,California University of Pennsylvania
Cortez Watson,4,3,0,1,2019,California University of Pennsylvania
Diondre Cooper,1,-1,0,0,2019,California University of Pennsylvania
TEAM,1,-2,0,0,2019,California University of Pennsylvania
Garrett Owens,19,104,2,19,2019,Gannon University
Cortez Watson,4,17,0,7,2019,Gannon University
Michael Lowery,3,7,0,16,2019,Gannon University
Doug Altavilla,4,-18,0,0,2019,Gannon University
Garrett Owens,12,192,3,98,2019,Clarion University
Cortez Watson,14,72,1,21,2019,Clarion University
DaQuan Isom,7,35,1,26,2019,Clarion University
Donny Bryant,1,32,0,32,2019,Clarion University
Dustin Shoaf,2,23,0,12,2019,Clarion University
Tom Sever,1,2,0,2,2019,Clarion University
Clay Waldron,1,0,0,0,2019,Clarion University
Jacob Tretinik,1,0,0,0,2019,Clarion University
TEAM,1,-2,0,0,2019,Clarion University
Doug Altavilla,1,-9,0,0,2019,Clarion University
Garrett Owens,31,182,1,43,2019,Millersville University
Cortez Watson,8,3,0,4,2019,Millersville University
Doug Altavilla,3,3,0,4,2019,Millersville University
TEAM,1,-1,0,0,2019,Millersville University
Clay Waldron,1,-6,0,0,2019,Millersville University
"Rodriguez,Ayron",13,58,0,9,2021,Alderson Broaddus University
"Shoaf,Dustin",14,42,0,9,2021,Alderson Broaddus University
"Tate,Trevon",2,12,0,9,2021,Alderson Broaddus University
"Hill,Justin",1,10,0,10,2021,Alderson Broaddus University
TEAM,1,-1,0,0,2021,Alderson Broaddus University
"Lowery,Michael",8,-19,0,10,2021,Alderson Broaddus University
"Moss,Chawntez",7,39,0,35,2021,West Chester
"Lowery,Michael",17,7,0,34,2021,West Chester
"Pappas,Mike",1,3,0,3,2021,West Chester
"Alsobrooks,Brian",1,0,0,0,2021,West Chester
"Smith,Rondale",1,0,0,0,2021,West Chester
"Rodriguez,Ayron",4,0,0,2,2021,West Chester
"Smith,Aaron",0,0,0,0,2021,West Chester
"Shoaf,Dustin",4,-3,0,1,2021,West Chester
Chawntez Moss,11,40,0,19,2021,East Stroudsburg
Dustin Shoaf,3,9,0,4,2021,East Stroudsburg
Ayron Rodriguez,3,6,0,4,2021,East Stroudsburg
David Alize,1,5,0,5,2021,East Stroudsburg
TEAM,1,-2,0,0,2021,East Stroudsburg
Michael Lowery,2,-12,0,0,2021,East Stroudsburg
"Shoaf,Dustin",7,25,0,7,2021,Indiana University of Pennsylvania (Homecoming)
"Rodriguez,Ayron",7,11,0,6,2021,Indiana University of Pennsylvania (Homecoming)
"Lowery,Michael",3,6,0,8,2021,Indiana University of Pennsylvania (Homecoming)
"Alize,David",1,1,0,1,2021,Indiana University of Pennsylvania (Homecoming)
"Alsobrooks,Brian",1,-6,0,0,2021,Indiana University of Pennsylvania (Homecoming)
Chawntez Moss,7,16,0,4,2021,California University of Pennsylvania
Zack Helsley,1,6,0,6,2021,California University of Pennsylvania
Ayron Rodriguez,2,6,0,7,2021,California University of Pennsylvania
Dustin Shoaf,3,5,0,6,2021,California University of Pennsylvania
Joe Carter,6,-2,0,8,2021,California University of Pennsylvania
TEAM,1,-4,0,0,2021,California University of Pennsylvania
Michael Lowery,1,-8,0,0,2021,California University of Pennsylvania
BrianAlsobrooks,2,-12,0,0,2021,California University of Pennsylvania
"Shoaf,Dustin",7,33,0,12,2021,Seton Hill University
"Moss,Chawntez",9,23,0,12,2021,Seton Hill University
"Cooper,Diondre",1,11,0,11,2021,Seton Hill University
"Alize,David",1,4,0,4,2021,Seton Hill University
TEAM,2,0,0,1,2021,Seton Hill University
"Davison,Rylan",1,-1,0,0,2021,Seton Hill University
"Carter,Joe",8,-19,0,11,2021,Seton Hill University
"Alize,David",18,72,0,22,2021,Edinboro University of Pennsylvania
"Shoaf,Dustin",9,23,0,6,2021,Edinboro University of Pennsylvania
"Carter,Joe",6,-19,1,1,2021,Edinboro University of Pennsylvania
"Alize,David",12,55,0,13,2021,Slippery Rock University
"Moss,Chawntez",7,37,0,11,2021,Slippery Rock University
"Shoaf,Dustin",6,13,0,4,2021,Slippery Rock University
"Carter,Joe",5,6,0,9,2021,Slippery Rock University
"Pantaleon,Fred",0,1,0,1,2021,Slippery Rock University
TEAM,1,-1,0,0,2021,Slippery Rock University
"Alize,David",25,101,0,17,2021,Clarion University
"Moss,Chawntez",11,30,0,19,2021,Clarion University
"Carter,Joe",3,10,0,6,2021,Clarion University
"Tate,Trevon",1,9,1,9,2021,Clarion University
"Davison,Rylan",2,7,0,13,2021,Clarion University
"Hill,Justin",1,3,0,3,2021,Clarion University
"Shoaf,Dustin",1,3,0,3,2021,Clarion University
David Alize,12,23,0,5,2021,Shippensburg University
Ayron Rodriguez,5,12,0,5,2021,Shippensburg University
Rylan Davison,1,2,0,2,2021,Shippensburg University
Dustin Shoaf,1,0,0,0,2021,Shippensburg University
Joe Carter,4,-11,0,2,2021,Shippensburg University
David Alize,21,125,2,50,2022,Alderson Broaddus University
Dustin Shoaf,21,62,2,11,2022,Alderson Broaddus University
Mike Pappas,2,4,0,2,2022,Alderson Broaddus University
Jaylen Butera,2,2,0,2,2022,Alderson Broaddus University
Michael Lowery,8,-1,0,11,2022,Alderson Broaddus University
"Alize,David",15,80,0,21,2022,Lock Haven University
"Shoaf,Dustin",12,74,2,19,2022,Lock Haven University
"Rodriguez,Ayron",10,62,1,12,2022,Lock Haven University
"Butera,Jaylen",3,45,1,36,2022,Lock Haven University
"Pappas,Mike",1,2,0,2,2022,Lock Haven University
"Cooper,Diondre",0,0,0,0,2022,Lock Haven University
"Lowery,Michael",1,-9,0,0,2022,Lock Haven University
"Alize,David",15,47,0,14,2022,Kutztown University
"Shoaf,Dustin",14,47,1,22,2022,Kutztown University
"Butera,Jaylen",3,30,0,26,2022,Kutztown University
"Lowery,Michael",4,28,1,16,2022,Kutztown University
"Rodriguez,Ayron",2,7,0,5,2022,Kutztown University
"Welch,Ryan",0,1,0,1,2022,Kutztown University
"Alize,David",14,52,0,14,2022,Indiana University of Pennsylvania
"Shoaf,Dustin",6,35,0,33,2022,Indiana University of Pennsylvania
"Robinson,Shane",1,0,0,0,2022,Indiana University of Pennsylvania
"Lowery,Michael",6,-25,0,8,2022,Indiana University of Pennsylvania
"Shoaf,Dustin",29,103,1,13,2022,Edinboro University of Pennsylvania
"Butera,Jaylen",4,7,0,3,2022,Edinboro University of Pennsylvania
"Carter,Joe",1,4,0,4,2022,Edinboro University of Pennsylvania
"Lowery,Michael",3,2,0,4,2022,Edinboro University of Pennsylvania
Dustin Shoaf,8,23,1,13,2022,Slippery Rock University
Diondre Cooper,3,13,0,6,2022,Slippery Rock University
Joe Carter,7,0,0,9,2022,Slippery Rock University
TEAM,1,-5,0,0,2022,Slippery Rock University
"Shoaf,Dustin",23,85,0,13,2022,Clarion University
"Cooper,Diondre",10,84,0,36,2022,Clarion University
"Alize,David",10,61,1,33,2022,Clarion University
"Carter,Joe",4,13,0,12,2022,Clarion University
"Butera,Jaylen",4,6,0,5,2022,Clarion University
"Cooper, Diondre",13,35,0,7,2022,Gannon University
"Butera, Jaylen",10,27,0,7,2022,Gannon University
"Alize, David",9,11,0,10,2022,Gannon University
"Carter, Joe",2,-26,0,0,2022,Gannon University
"Butera,Jaylen",5,7,0,3,2022,California University of Pennsylvania
"Cooper,Diondre",4,6,0,3,2022,California University of Pennsylvania
"Alize,David",2,-2,0,0,2022,California University of Pennsylvania
"Alsobrooks,Brian",6,-18,0,16,2022,California University of Pennsylvania
"Cooper, Diondre",11,18,0,11,2022,Seton Hill University
"Alize, David",6,4,0,6,2022,Seton Hill University
"Alsobrooks, Bri",9,-70,0,0,2022,Seton Hill University
"Alize,David",20,71,1,14,2022,Bloomsburg University
"Cooper,Diondre",11,30,0,12,2022,Bloomsburg University
"Alsobrooks,Brian",1,-2,0,0,2022,Bloomsburg University
"Lowery,Michael",2,-20,0,0,2022,Bloomsburg University
"Rodriguez,Ayron",8,44,1,15,2023,Lock Haven University
"Alize,David",9,32,0,12,2023,Lock Haven University
"Butera,Jaylen",10,25,0,11,2023,Lock Haven University
"Shoaf,Dustin",5,17,0,7,2023,Lock Haven University
"Davison,Rylan",1,3,0,3,2023,Lock Haven University
"Urena,Adam",2,0,0,2,2023,Lock Haven University
TEAM,2,-2,0,0,2023,Lock Haven University
"Shoaf,Dustin",4,21,0,11,2023,Kutztown University
"Rodriguez,Ayron",4,15,0,8,2023,Kutztown University
"Alize,David",4,10,0,10,2023,Kutztown University
"Butera,Jaylen",2,1,0,2,2023,Kutztown University
"Urena,Adam",5,-25,0,7,2023,Kutztown University
"Butera,Jaylen",9,48,0,20,2023,RVIndiana University of Pennsylvania
"Rodriguez,Ayron",6,43,0,19,2023,RVIndiana University of Pennsylvania
TEAM,1,-1,0,0,2023,RVIndiana University of Pennsylvania
"Urena,Adam",4,-29,0,0,2023,RVIndiana University of Pennsylvania
"Butera,Jaylen",12,37,1,18,2023,Edinboro University of Pennsylvania
"Rodriguez,Ayron",1,3,0,3,2023,Edinboro University of Pennsylvania
"Black,Braydon",1,3,0,3,2023,Edinboro University of Pennsylvania
"Pappas,Mike",1,2,0,2,2023,Edinboro University of Pennsylvania
"Urena,Adam",2,-14,0,10,2023,Edinboro University of Pennsylvania
TEAM,2,-35,0,0,2023,Edinboro University of Pennsylvania
"Butera,Jaylen",27,204,3,45,2023,#10Slippery Rock University
"Pappas,Mike",4,22,0,13,2023,#10Slippery Rock University
"Urena,Adam",3,-5,0,2,2023,#10Slippery Rock University
"Butera,Jaylen",27,182,2,43,2023,Clarion University
"Pappas,Mike",4,18,0,7,2023,Clarion University
"Urena,Adam",4,-26,0,7,2023,Clarion University
"Shoaf,Dustin",19,87,1,13,2023,Gannon University
"Rodriguez,Ayron",15,34,0,6,2023,Gannon University
"Dombkowski,Joe",1,7,0,7,2023,Gannon University
TEAM,1,0,0,0,2023,Gannon University
"Urena,Adam",4,-36,0,0,2023,Gannon University
"Butera, Jaylen",8,87,0,63,2023,California University of Pennsylvania
"Shoaf, Dustin",10,62,1,23,2023,California University of Pennsylvania
"Rodriguez, Ayro",5,11,0,4,2023,California University of Pennsylvania
"Urena, Adam",2,-17,0,0,2023,California University of Pennsylvania
"Shoaf,Dustin",13,74,0,29,2023,Seton Hill University
"Butera,Jaylen",7,42,0,19,2023,Seton Hill University
"Rodriguez,Ayron",5,22,0,11,2023,Seton Hill University
"Urena,Adam",6,-25,0,2,2023,Seton Hill University
"Trobel,Brian",5,61,0,56,2024,Howard University
"Rodriguez,Ayron",12,39,1,13,2024,Howard University
"Davis,Earnest",5,27,0,12,2024,Howard University
"Kerbacher,Joe",1,12,0,12,2024,Howard University
"Urena,Adam",4,-30,0,0,2024,Howard University
"Davis,Earnest",11,81,1,25,2024,Robert Morris University
"Rodriguez,Ayron",6,35,1,17,2024,Robert Morris University
"Kerbacher,Joe",1,7,0,7,2024,Robert Morris University
"Trobel,Brian",3,-2,0,2,2024,Robert Morris University
"Urena,Adam",3,-28,0,0,2024,Robert Morris University
"Rodriguez,Ayron",15,42,0,19,2024,Montana State University
"Askew,Jordan",2,10,0,7,2024,Montana State University
"Trobel,Brian",2,8,0,7,2024,Montana State University
"Pappas,Mike",2,4,0,2,2024,Montana State University
"Davis,Spencer",0,0,0,0,2024,Montana State University
"Null,Collin",0,-6,0,0,2024,Montana State University
"Urena,Adam",8,-38,0,0,2024,Montana State University
"Trobel,Brian",8,40,1,20,2024,Frostburg State University
"Rodriguez,Ayron",7,40,0,11,2024,Frostburg State University
"Kerbacher,Joe",2,32,0,21,2024,Frostburg State University
"Davison,Rylan",1,1,1,1,2024,Frostburg State University
"Davis,Earnest",1,0,0,0,2024,Frostburg State University
"Urena,Adam",2,-6,0,0,2024,Frostburg State University
"Rodriguez,Ayron",8,71,0,15,2024,Buffalo State
"Davis,Chaz",3,57,0,28,2024,Buffalo State
"Davis,Earnest",6,32,0,8,2024,Buffalo State
"Lattimore,Amare",1,28,0,28,2024,Buffalo State
"Trobel,Brian",6,28,0,12,2024,Buffalo State
TEAM,1,0,0,0,2024,Buffalo State
"Urena,Adam",2,-7,0,2,2024,Buffalo State
"Trobel,Brian",17,96,0,39,2024,Sacred Heart University
"Rodriguez,Ayron",6,33,0,16,2024,Sacred Heart University
"Askew,Jordan",3,5,0,4,2024,Sacred Heart University
"Black,Braydon",1,1,0,1,2024,Sacred Heart University
"Davis,Chaz",2,-3,0,0,2024,Sacred Heart University
"Urena,Adam",6,-7,0,9,2024,Sacred Heart University
"Rodriguez,Ayron",9,24,0,7,2024,Duquesne University
"Askew,Jordan",3,23,0,17,2024,Duquesne University
"Trobel,Brian",3,12,0,11,2024,Duquesne University
"Black,Braydon",1,12,0,12,2024,Duquesne University
"Davison,Rylan",1,5,0,5,2024,Duquesne University
TEAM,1,-1,0,0,2024,Duquesne University
"Urena,Adam",6,-23,0,5,2024,Duquesne University
"Knox,Ethen",7,76,1,29,2024,Lincoln University
"Askew,Jordan",7,60,0,19,2024,Lincoln University
"Trobel,Brian",12,58,0,13,2024,Lincoln University
"Pappas,Mike",5,46,0,17,2024,Lincoln University
"Rodriguez,Ayron",5,17,0,9,2024,Lincoln University
"Kerbacher,Joe",1,2,0,2,2024,Lincoln University
"Welch,Ryan",0,0,0,0,2024,Lincoln University
TEAM,1,-1,0,0,2024,Lincoln University
"Urena,Adam",2,-5,0,1,2024,Lincoln University
"Trobel,Brian",13,50,0,19,2024,Saint Francis University
"Davis,Earnest",5,19,0,7,2024,Saint Francis University
"Rodriguez,Ayron",2,8,0,6,2024,Saint Francis University
"Kerbacher,Joe",1,0,0,0,2024,Saint Francis University
TEAM,1,0,0,0,2024,Saint Francis University
"Davison,Rylan",2,-1,0,1,2024,Saint Francis University
"Urena,Adam",1,-12,0,0,2024,Saint Francis University
"Trobel,Brian",7,40,0,16,2025,RVYoungstown State
"Gamble,Jameir",4,21,0,15,2025,RVYoungstown State
"Rodriguez,Ayron",8,13,0,7,2025,RVYoungstown State
"Kerbacher,Joe",1,-2,0,0,2025,RVYoungstown State
"Urena,Adam",4,-9,0,6,2025,RVYoungstown State
"Trobel,Brian",10,115,3,41,2025,New Haven
"Gamble,Jameir",10,53,0,15,2025,New Haven
"Askew,Jonny",6,42,0,18,2025,New Haven
"Rodriguez,Ayron",6,39,1,17,2025,New Haven
"Miller,Ryan",2,12,0,8,2025,New Haven
"Evans,Dylan",1,8,1,8,2025,New Haven
"Urena,Adam",4,3,0,7,2025,New Haven
"Knox,Ethen",3,1,0,2,2025,New Haven
"Budak,Anthony",1,-5,0,0,2025,New Haven
"Trobel,Brian",10,62,1,22,2025,#21Sacramento State
"Rodriguez,Ayron",10,24,0,8,2025,#21Sacramento State
"Gamble,Jameir",3,15,0,7,2025,#21Sacramento State
"Hawkins Jr.,Mark",1,3,0,3,2025,#21Sacramento State
"Van Dyke,Evan",2,-1,0,2,2025,#21Sacramento State
TEAM,1,-1,0,0,2025,#21Sacramento State
"Urena,Adam",7,-13,0,8,2025,#21Sacramento State
"Trobel,Brian",13,48,0,9,2025,#4/5Montana State
"Gamble,Jameir",1,28,0,28,2025,#4/5Montana State
"Rodriguez,Ayron",6,-4,0,4,2025,#4/5Montana State
"Urena,Adam",3,-14,0,1,2025,#4/5Montana State
"Trobel,Brian",9,22,0,5,2025,#2South Dakota State
"Askew,Jonny",3,15,0,7,2025,#2South Dakota State
"Rodriguez,Ayron",1,5,0,5,2025,#2South Dakota State
"Gamble,Jameir",2,2,0,2,2025,#2South Dakota State
"Urena,Adam",5,-3,0,10,2025,#2South Dakota State
"Trobel,Brian",7,67,1,49,2025,LIU
"Gamble,Jameir",8,35,1,12,2025,LIU
"Askew,Jonny",10,34,0,8,2025,LIU
"Rodriguez,Ayron",7,14,0,6,2025,LIU
"Urena,Adam",7,-23,0,7,2025,LIU
"Trobel,Brian",29,121,2,22,2025,Wagner
"Rodriguez,Ayron",11,33,0,13,2025,Wagner
"Wright-Rawls,Taylor",1,5,0,5,2025,Wagner
"Trobel,Brian",12,38,0,9,2025,Duquesne
"Rodriguez,Ayron",1,1,0,1,2025,Duquesne
"Balgo,Joey",0,0,0,0,2025,Duquesne
"Gamble,Jameir",2,-3,0,1,2025,Duquesne
"Urena,Adam",4,-24,0,0,2025,Duquesne
"Trobel,Brian",12,61,0,18,2025,Stonehill
"Rodriguez,Ayron",4,30,0,18,2025,Stonehill
"Wright-Rawls,Taylor",1,6,0,6,2025,Stonehill
"Gamble,Jameir",1,1,0,1,2025,Stonehill
TEAM,1,0,0,0,2025,Stonehill
"Trobel,Brian",11,93,1,27,2025,Saint Francis
"Rodriguez,Ayron",6,31,0,10,2025,Saint Francis
"Urena,Adam",2,-9,0,0,2025,Saint Francis
"Woods,Jason",1,-9,0,0,2025,Saint Francis
"Trobel,Brian",16,150,2,56,2025,Robert Morris
"Rodriguez,Ayron",8,34,0,11,2025,Robert Morris
TEAM,2,-2,0,0,2025,Robert Morris
"Urena,Adam",7,-10,0,6,2025,Robert Morris
"Trobel,Brian",21,166,2,63,2025,Central Connecticut State
"Rodriguez,Ayron",6,60,0,18,2025,Central Connecticut State
"Van Dyke,Evan",2,34,0,19,2025,Central Connecticut State
"Woods,Jason",1,7,0,7,2025,Central Connecticut State
"Evans,Dylan",1,5,1,5,2025,Central Connecticut State
"Urena,Adam",1,-3,0,0,2025,Central Connecticut State
